/*Generated by xorm v0.8.0.1015 2020-01-15 18:17:16, from sqlite3 to SQLITE3*/

INSERT INTO `Node` (`ID`, `CreatedAt`, `UpdatedAt`, `DeletedAt`, `Pid`, `Name`, `URL`, `Methods`, `IsMenu`, `SortID`) VALUES (1, '2019-08-31 19:47:10', '2019-12-01 11:51:00', NULL, 0, '我的桌面', '/backend/home', 'GET', 1, 1991);
INSERT INTO `Node` (`ID`, `CreatedAt`, `UpdatedAt`, `DeletedAt`, `Pid`, `Name`, `URL`, `Methods`, `IsMenu`, `SortID`) VALUES (2, '2019-08-31 19:47:45', '2019-08-31 19:47:45', NULL, 1, '修改密码', '/backend/home/user/forget', 'GET,POST', 0, 1991);
INSERT INTO `Node` (`ID`, `CreatedAt`, `UpdatedAt`, `DeletedAt`, `Pid`, `Name`, `URL`, `Methods`, `IsMenu`, `SortID`) VALUES (3, '2019-08-31 19:48:10', '2019-08-31 19:48:17', NULL, 0, '文章管理', 'javascript:;', 'GET', 1, 1991);
INSERT INTO `Node` (`ID`, `CreatedAt`, `UpdatedAt`, `DeletedAt`, `Pid`, `Name`, `URL`, `Methods`, `IsMenu`, `SortID`) VALUES (4, '2019-08-31 19:48:47', '2019-09-01 22:14:03', NULL, 3, '分类', '/backend/article/category', 'GET', 1, 1991);
INSERT INTO `Node` (`ID`, `CreatedAt`, `UpdatedAt`, `DeletedAt`, `Pid`, `Name`, `URL`, `Methods`, `IsMenu`, `SortID`) VALUES (5, '2019-08-31 19:48:47', '2019-09-01 22:14:08', NULL, 4, '新增', '/backend/article/category/create/:pid', 'GET', 2, 6);
INSERT INTO `Node` (`ID`, `CreatedAt`, `UpdatedAt`, `DeletedAt`, `Pid`, `Name`, `URL`, `Methods`, `IsMenu`, `SortID`) VALUES (6, '2019-08-31 19:48:47', '2019-08-31 19:48:47', NULL, 4, '保存', '/backend/article/category', 'POST', 2, 5);
INSERT INTO `Node` (`ID`, `CreatedAt`, `UpdatedAt`, `DeletedAt`, `Pid`, `Name`, `URL`, `Methods`, `IsMenu`, `SortID`) VALUES (7, '2019-08-31 19:48:47', '2019-08-31 19:48:47', NULL, 4, '编辑', '/backend/article/category/edit/:id', 'GET', 2, 4);
INSERT INTO `Node` (`ID`, `CreatedAt`, `UpdatedAt`, `DeletedAt`, `Pid`, `Name`, `URL`, `Methods`, `IsMenu`, `SortID`) VALUES (8, '2019-08-31 19:48:47', '2019-08-31 20:30:09', NULL, 4, '更新', '/backend/article/category/update/:id', 'PUT', 2, 3);
INSERT INTO `Node` (`ID`, `CreatedAt`, `UpdatedAt`, `DeletedAt`, `Pid`, `Name`, `URL`, `Methods`, `IsMenu`, `SortID`) VALUES (9, '2019-08-31 19:48:47', '2019-08-31 19:48:47', NULL, 4, '删除', '/backend/article/category/delete/:id', 'DELETE', 2, 2);
INSERT INTO `Node` (`ID`, `CreatedAt`, `UpdatedAt`, `DeletedAt`, `Pid`, `Name`, `URL`, `Methods`, `IsMenu`, `SortID`) VALUES (10, '2019-08-31 19:48:47', '2019-08-31 21:00:17', NULL, 4, '查看', '/backend/article/category/show/:id', 'GET', 2, 1);
INSERT INTO `Node` (`ID`, `CreatedAt`, `UpdatedAt`, `DeletedAt`, `Pid`, `Name`, `URL`, `Methods`, `IsMenu`, `SortID`) VALUES (11, '2019-08-31 19:49:10', '2019-08-31 19:49:10', NULL, 3, '标签', '/backend/article/tag', 'GET', 1, 1991);
INSERT INTO `Node` (`ID`, `CreatedAt`, `UpdatedAt`, `DeletedAt`, `Pid`, `Name`, `URL`, `Methods`, `IsMenu`, `SortID`) VALUES (12, '2019-08-31 19:49:10', '2019-08-31 19:49:10', NULL, 11, '新增', '/backend/article/tag/create', 'GET', 2, 6);
INSERT INTO `Node` (`ID`, `CreatedAt`, `UpdatedAt`, `DeletedAt`, `Pid`, `Name`, `URL`, `Methods`, `IsMenu`, `SortID`) VALUES (13, '2019-08-31 19:49:10', '2019-08-31 19:49:10', NULL, 11, '保存', '/backend/article/tag', 'POST', 2, 5);
INSERT INTO `Node` (`ID`, `CreatedAt`, `UpdatedAt`, `DeletedAt`, `Pid`, `Name`, `URL`, `Methods`, `IsMenu`, `SortID`) VALUES (14, '2019-08-31 19:49:10', '2019-08-31 19:49:10', NULL, 11, '编辑', '/backend/article/tag/edit/:id', 'GET', 2, 4);
INSERT INTO `Node` (`ID`, `CreatedAt`, `UpdatedAt`, `DeletedAt`, `Pid`, `Name`, `URL`, `Methods`, `IsMenu`, `SortID`) VALUES (15, '2019-08-31 19:49:10', '2019-08-31 20:30:22', NULL, 11, '更新', '/backend/article/tag/update/:id', 'PUT', 2, 3);
INSERT INTO `Node` (`ID`, `CreatedAt`, `UpdatedAt`, `DeletedAt`, `Pid`, `Name`, `URL`, `Methods`, `IsMenu`, `SortID`) VALUES (16, '2019-08-31 19:49:10', '2019-08-31 19:49:10', NULL, 11, '删除', '/backend/article/tag/delete/:id', 'DELETE', 2, 2);
INSERT INTO `Node` (`ID`, `CreatedAt`, `UpdatedAt`, `DeletedAt`, `Pid`, `Name`, `URL`, `Methods`, `IsMenu`, `SortID`) VALUES (17, '2019-08-31 19:49:10', '2019-08-31 21:00:11', NULL, 11, '查看', '/backend/article/tag/show/:id', 'GET', 2, 1);
INSERT INTO `Node` (`ID`, `CreatedAt`, `UpdatedAt`, `DeletedAt`, `Pid`, `Name`, `URL`, `Methods`, `IsMenu`, `SortID`) VALUES (18, '2019-08-31 19:49:48', '2019-08-31 19:49:48', NULL, 0, '权限管理', 'javascript:;', 'GET', 1, 1991);
INSERT INTO `Node` (`ID`, `CreatedAt`, `UpdatedAt`, `DeletedAt`, `Pid`, `Name`, `URL`, `Methods`, `IsMenu`, `SortID`) VALUES (19, '2019-08-31 19:50:12', '2019-08-31 19:50:12', NULL, 18, '用户', '/backend/rbac/user', 'GET', 1, 1991);
INSERT INTO `Node` (`ID`, `CreatedAt`, `UpdatedAt`, `DeletedAt`, `Pid`, `Name`, `URL`, `Methods`, `IsMenu`, `SortID`) VALUES (20, '2019-08-31 19:50:12', '2019-08-31 19:50:12', NULL, 19, '新增', '/backend/rbac/user/create', 'GET', 2, 6);
INSERT INTO `Node` (`ID`, `CreatedAt`, `UpdatedAt`, `DeletedAt`, `Pid`, `Name`, `URL`, `Methods`, `IsMenu`, `SortID`) VALUES (21, '2019-08-31 19:50:12', '2019-08-31 19:50:12', NULL, 19, '保存', '/backend/rbac/user', 'POST', 2, 5);
INSERT INTO `Node` (`ID`, `CreatedAt`, `UpdatedAt`, `DeletedAt`, `Pid`, `Name`, `URL`, `Methods`, `IsMenu`, `SortID`) VALUES (22, '2019-08-31 19:50:12', '2019-08-31 19:50:12', NULL, 19, '编辑', '/backend/rbac/user/edit/:id', 'GET', 2, 4);
INSERT INTO `Node` (`ID`, `CreatedAt`, `UpdatedAt`, `DeletedAt`, `Pid`, `Name`, `URL`, `Methods`, `IsMenu`, `SortID`) VALUES (23, '2019-08-31 19:50:12', '2019-08-31 20:30:34', NULL, 19, '更新', '/backend/rbac/user/update/:id', 'PUT', 2, 3);
INSERT INTO `Node` (`ID`, `CreatedAt`, `UpdatedAt`, `DeletedAt`, `Pid`, `Name`, `URL`, `Methods`, `IsMenu`, `SortID`) VALUES (24, '2019-08-31 19:50:12', '2019-08-31 19:50:12', NULL, 19, '删除', '/backend/rbac/user/delete/:id', 'DELETE', 2, 2);
INSERT INTO `Node` (`ID`, `CreatedAt`, `UpdatedAt`, `DeletedAt`, `Pid`, `Name`, `URL`, `Methods`, `IsMenu`, `SortID`) VALUES (25, '2019-08-31 19:50:12', '2019-08-31 21:00:00', NULL, 19, '查看', '/backend/rbac/user/show/:id', 'GET', 2, 1);
INSERT INTO `Node` (`ID`, `CreatedAt`, `UpdatedAt`, `DeletedAt`, `Pid`, `Name`, `URL`, `Methods`, `IsMenu`, `SortID`) VALUES (26, '2019-08-31 19:50:41', '2019-08-31 20:56:02', NULL, 19, '设置角色', '/backend/rbac/user/role/:id', 'GET,POST', 2, 1991);
INSERT INTO `Node` (`ID`, `CreatedAt`, `UpdatedAt`, `DeletedAt`, `Pid`, `Name`, `URL`, `Methods`, `IsMenu`, `SortID`) VALUES (27, '2019-08-31 19:51:09', '2019-08-31 19:51:09', NULL, 18, '角色', '/backend/rbac/role', 'GET', 1, 1991);
INSERT INTO `Node` (`ID`, `CreatedAt`, `UpdatedAt`, `DeletedAt`, `Pid`, `Name`, `URL`, `Methods`, `IsMenu`, `SortID`) VALUES (28, '2019-08-31 19:51:09', '2019-08-31 19:54:35', NULL, 27, '新增', '/backend/rbac/role/create/:pid', 'GET', 2, 6);
INSERT INTO `Node` (`ID`, `CreatedAt`, `UpdatedAt`, `DeletedAt`, `Pid`, `Name`, `URL`, `Methods`, `IsMenu`, `SortID`) VALUES (29, '2019-08-31 19:51:09', '2019-08-31 19:51:09', NULL, 27, '保存', '/backend/rbac/role', 'POST', 2, 5);
INSERT INTO `Node` (`ID`, `CreatedAt`, `UpdatedAt`, `DeletedAt`, `Pid`, `Name`, `URL`, `Methods`, `IsMenu`, `SortID`) VALUES (30, '2019-08-31 19:51:09', '2019-08-31 19:51:09', NULL, 27, '编辑', '/backend/rbac/role/edit/:id', 'GET', 2, 4);
INSERT INTO `Node` (`ID`, `CreatedAt`, `UpdatedAt`, `DeletedAt`, `Pid`, `Name`, `URL`, `Methods`, `IsMenu`, `SortID`) VALUES (31, '2019-08-31 19:51:09', '2019-08-31 20:30:46', NULL, 27, '更新', '/backend/rbac/role/update/:id', 'PUT', 2, 3);
INSERT INTO `Node` (`ID`, `CreatedAt`, `UpdatedAt`, `DeletedAt`, `Pid`, `Name`, `URL`, `Methods`, `IsMenu`, `SortID`) VALUES (32, '2019-08-31 19:51:09', '2019-08-31 19:51:09', NULL, 27, '删除', '/backend/rbac/role/delete/:id', 'DELETE', 2, 2);
INSERT INTO `Node` (`ID`, `CreatedAt`, `UpdatedAt`, `DeletedAt`, `Pid`, `Name`, `URL`, `Methods`, `IsMenu`, `SortID`) VALUES (33, '2019-08-31 19:51:09', '2019-08-31 20:59:53', NULL, 27, '查看', '/backend/rbac/role/show/:id', 'GET', 2, 1);
INSERT INTO `Node` (`ID`, `CreatedAt`, `UpdatedAt`, `DeletedAt`, `Pid`, `Name`, `URL`, `Methods`, `IsMenu`, `SortID`) VALUES (34, '2019-08-31 19:51:25', '2019-08-31 20:55:51', NULL, 27, '设置节点', '/backend/rbac/role/node/:id', 'GET,POST', 2, 1991);
INSERT INTO `Node` (`ID`, `CreatedAt`, `UpdatedAt`, `DeletedAt`, `Pid`, `Name`, `URL`, `Methods`, `IsMenu`, `SortID`) VALUES (35, '2019-08-31 19:52:14', '2019-08-31 19:52:14', NULL, 18, '节点', '/backend/rbac/node', 'GET', 1, 1991);
INSERT INTO `Node` (`ID`, `CreatedAt`, `UpdatedAt`, `DeletedAt`, `Pid`, `Name`, `URL`, `Methods`, `IsMenu`, `SortID`) VALUES (36, '2019-08-31 19:52:14', '2019-08-31 19:54:09', NULL, 35, '新增', '/backend/rbac/node/create/:pid', 'GET', 2, 6);
INSERT INTO `Node` (`ID`, `CreatedAt`, `UpdatedAt`, `DeletedAt`, `Pid`, `Name`, `URL`, `Methods`, `IsMenu`, `SortID`) VALUES (37, '2019-08-31 19:52:14', '2019-08-31 19:52:14', NULL, 35, '保存', '/backend/rbac/node', 'POST', 2, 5);
INSERT INTO `Node` (`ID`, `CreatedAt`, `UpdatedAt`, `DeletedAt`, `Pid`, `Name`, `URL`, `Methods`, `IsMenu`, `SortID`) VALUES (38, '2019-08-31 19:52:14', '2019-08-31 19:52:14', NULL, 35, '编辑', '/backend/rbac/node/edit/:id', 'GET', 2, 4);
INSERT INTO `Node` (`ID`, `CreatedAt`, `UpdatedAt`, `DeletedAt`, `Pid`, `Name`, `URL`, `Methods`, `IsMenu`, `SortID`) VALUES (39, '2019-08-31 19:52:14', '2019-08-31 19:52:14', NULL, 35, '更新', '/backend/rbac/node/update/:id', 'PUT', 2, 3);
INSERT INTO `Node` (`ID`, `CreatedAt`, `UpdatedAt`, `DeletedAt`, `Pid`, `Name`, `URL`, `Methods`, `IsMenu`, `SortID`) VALUES (40, '2019-08-31 19:52:14', '2019-08-31 19:52:14', NULL, 35, '删除', '/backend/rbac/node/delete/:id', 'DELETE', 2, 2);
INSERT INTO `Node` (`ID`, `CreatedAt`, `UpdatedAt`, `DeletedAt`, `Pid`, `Name`, `URL`, `Methods`, `IsMenu`, `SortID`) VALUES (41, '2019-08-31 19:52:14', '2019-08-31 20:59:44', NULL, 35, '查看', '/backend/rbac/node/show/:id', 'GET', 2, 1);
INSERT INTO `Node` (`ID`, `CreatedAt`, `UpdatedAt`, `DeletedAt`, `Pid`, `Name`, `URL`, `Methods`, `IsMenu`, `SortID`) VALUES (42, '2019-08-31 19:55:10', '2019-08-31 19:55:10', NULL, 0, '用户管理', '/backend/user', 'GET', 1, 1991);
INSERT INTO `Node` (`ID`, `CreatedAt`, `UpdatedAt`, `DeletedAt`, `Pid`, `Name`, `URL`, `Methods`, `IsMenu`, `SortID`) VALUES (43, '2019-08-31 19:55:11', '2019-08-31 19:55:11', NULL, 42, '新增', '/backend/user/create', 'GET', 2, 6);
INSERT INTO `Node` (`ID`, `CreatedAt`, `UpdatedAt`, `DeletedAt`, `Pid`, `Name`, `URL`, `Methods`, `IsMenu`, `SortID`) VALUES (44, '2019-08-31 19:55:11', '2019-08-31 19:55:11', NULL, 42, '保存', '/backend/user', 'POST', 2, 5);
INSERT INTO `Node` (`ID`, `CreatedAt`, `UpdatedAt`, `DeletedAt`, `Pid`, `Name`, `URL`, `Methods`, `IsMenu`, `SortID`) VALUES (45, '2019-08-31 19:55:11', '2019-08-31 19:55:11', NULL, 42, '编辑', '/backend/user/edit/:id', 'GET', 2, 4);
INSERT INTO `Node` (`ID`, `CreatedAt`, `UpdatedAt`, `DeletedAt`, `Pid`, `Name`, `URL`, `Methods`, `IsMenu`, `SortID`) VALUES (46, '2019-08-31 19:55:11', '2019-08-31 20:31:05', NULL, 42, '更新', '/backend/user/update/:id', 'PUT', 2, 3);
INSERT INTO `Node` (`ID`, `CreatedAt`, `UpdatedAt`, `DeletedAt`, `Pid`, `Name`, `URL`, `Methods`, `IsMenu`, `SortID`) VALUES (47, '2019-08-31 19:55:11', '2019-08-31 19:55:11', NULL, 42, '删除', '/backend/user/delete/:id', 'DELETE', 2, 2);
INSERT INTO `Node` (`ID`, `CreatedAt`, `UpdatedAt`, `DeletedAt`, `Pid`, `Name`, `URL`, `Methods`, `IsMenu`, `SortID`) VALUES (48, '2019-08-31 19:55:11', '2019-08-31 20:59:37', NULL, 42, '查看', '/backend/user/show/:id', 'GET', 2, 1);
INSERT INTO `Node` (`ID`, `CreatedAt`, `UpdatedAt`, `DeletedAt`, `Pid`, `Name`, `URL`, `Methods`, `IsMenu`, `SortID`) VALUES (49, '2019-08-31 20:22:50', '2019-08-31 20:22:50', NULL, 1, '后台骨架', '/backend/skeleton', 'GET', 0, 1991);
INSERT INTO `Node` (`ID`, `CreatedAt`, `UpdatedAt`, `DeletedAt`, `Pid`, `Name`, `URL`, `Methods`, `IsMenu`, `SortID`) VALUES (50, '2019-09-21 20:19:27', '2019-09-21 20:19:27', NULL, 3, '内容', '/backend/article/content', 'GET', 1, 1991);
INSERT INTO `Node` (`ID`, `CreatedAt`, `UpdatedAt`, `DeletedAt`, `Pid`, `Name`, `URL`, `Methods`, `IsMenu`, `SortID`) VALUES (51, '2019-09-21 20:19:27', '2019-09-21 20:19:27', NULL, 50, '新增', '/backend/article/content/create', 'GET', 2, 6);
INSERT INTO `Node` (`ID`, `CreatedAt`, `UpdatedAt`, `DeletedAt`, `Pid`, `Name`, `URL`, `Methods`, `IsMenu`, `SortID`) VALUES (52, '2019-09-21 20:19:27', '2019-09-21 20:19:27', NULL, 50, '保存', '/backend/article/content', 'POST', 2, 5);
INSERT INTO `Node` (`ID`, `CreatedAt`, `UpdatedAt`, `DeletedAt`, `Pid`, `Name`, `URL`, `Methods`, `IsMenu`, `SortID`) VALUES (53, '2019-09-21 20:19:27', '2019-09-21 20:19:27', NULL, 50, '编辑', '/backend/article/content/edit/:id', 'GET', 2, 4);
INSERT INTO `Node` (`ID`, `CreatedAt`, `UpdatedAt`, `DeletedAt`, `Pid`, `Name`, `URL`, `Methods`, `IsMenu`, `SortID`) VALUES (54, '2019-09-21 20:19:27', '2019-09-21 20:19:27', NULL, 50, '更新', '/backend/article/content/update/:id', 'PUT', 2, 3);
INSERT INTO `Node` (`ID`, `CreatedAt`, `UpdatedAt`, `DeletedAt`, `Pid`, `Name`, `URL`, `Methods`, `IsMenu`, `SortID`) VALUES (55, '2019-09-21 20:19:27', '2019-09-21 20:19:27', NULL, 50, '删除', '/backend/article/content/delete/:id', 'DELETE', 2, 2);
INSERT INTO `Node` (`ID`, `CreatedAt`, `UpdatedAt`, `DeletedAt`, `Pid`, `Name`, `URL`, `Methods`, `IsMenu`, `SortID`) VALUES (56, '2019-09-21 20:19:27', '2019-09-21 20:19:27', NULL, 50, '查看', '/backend/article/content/show/:id', 'GET', 2, 1);
INSERT INTO `Node` (`ID`, `CreatedAt`, `UpdatedAt`, `DeletedAt`, `Pid`, `Name`, `URL`, `Methods`, `IsMenu`, `SortID`) VALUES (57, '2019-09-22 11:08:56', '2019-09-22 11:08:56', NULL, 50, '返回文章分类', '/backend/article/content/category/:pid', 'GET', 0, 1991);
INSERT INTO `Node` (`ID`, `CreatedAt`, `UpdatedAt`, `DeletedAt`, `Pid`, `Name`, `URL`, `Methods`, `IsMenu`, `SortID`) VALUES (58, '2019-09-22 20:20:31', '2019-09-22 20:20:31', NULL, 50, '上传附件', '/backend/article/content/upload', 'POST', 0, 1991);
INSERT INTO `Node` (`ID`, `CreatedAt`, `UpdatedAt`, `DeletedAt`, `Pid`, `Name`, `URL`, `Methods`, `IsMenu`, `SortID`) VALUES (59, '2019-10-13 17:16:44', '2019-10-13 17:16:44', '2019-10-13 18:39:29', 50, '添加标签', '/backend/article/content/addTag', 'POST', 0, 1991);
INSERT INTO `Node` (`ID`, `CreatedAt`, `UpdatedAt`, `DeletedAt`, `Pid`, `Name`, `URL`, `Methods`, `IsMenu`, `SortID`) VALUES (60, '2019-10-20 22:26:36', '2019-10-20 22:26:36', NULL, 50, '设置上下线', '/backend/article/content/online/:id', 'PUT', 0, 1991);
INSERT INTO `Node` (`ID`, `CreatedAt`, `UpdatedAt`, `DeletedAt`, `Pid`, `Name`, `URL`, `Methods`, `IsMenu`, `SortID`) VALUES (61, '2019-10-21 17:46:56', '2019-10-21 17:46:56', NULL, 50, '批量删除', '/backend/article/content/delete-batch', 'PUT', 0, 1991);
INSERT INTO `Node` (`ID`, `CreatedAt`, `UpdatedAt`, `DeletedAt`, `Pid`, `Name`, `URL`, `Methods`, `IsMenu`, `SortID`) VALUES (62, '2019-11-22 21:47:47', '2019-11-22 21:47:47', NULL, 50, '返回文章标签', '/backend/article/content/tag', 'GET', 0, 1991);
INSERT INTO `Node` (`ID`, `CreatedAt`, `UpdatedAt`, `DeletedAt`, `Pid`, `Name`, `URL`, `Methods`, `IsMenu`, `SortID`) VALUES (63, '2019-11-26 17:32:32', '2019-11-26 17:32:32', NULL, 50, '自动添加新的标签', '/backend/article/content/tag', 'POST', 0, 1991);
INSERT INTO `Node` (`ID`, `CreatedAt`, `UpdatedAt`, `DeletedAt`, `Pid`, `Name`, `URL`, `Methods`, `IsMenu`, `SortID`) VALUES (64, '2019-12-08 11:11:35', '2019-12-08 11:14:21', NULL, 3, '附件', '/backend/article/attachment', 'GET', 1, 1991);
INSERT INTO `Node` (`ID`, `CreatedAt`, `UpdatedAt`, `DeletedAt`, `Pid`, `Name`, `URL`, `Methods`, `IsMenu`, `SortID`) VALUES (65, '2019-12-08 11:12:27', '2019-12-08 11:16:00', NULL, 64, '上传', '/backend/article/attachment/upload', 'POST', 2, 1991);
INSERT INTO `Node` (`ID`, `CreatedAt`, `UpdatedAt`, `DeletedAt`, `Pid`, `Name`, `URL`, `Methods`, `IsMenu`, `SortID`) VALUES (66, '2019-12-08 11:12:48', '2019-12-08 11:12:48', NULL, 64, '更新', '/backend/article/attachment/update/:id', 'PUT', 0, 1991);
INSERT INTO `Node` (`ID`, `CreatedAt`, `UpdatedAt`, `DeletedAt`, `Pid`, `Name`, `URL`, `Methods`, `IsMenu`, `SortID`) VALUES (67, '2019-12-08 11:13:08', '2019-12-08 11:13:08', NULL, 64, '删除', '/backend/article/attachment/delete/:id', 'DELETE', 0, 1991);
INSERT INTO `Node` (`ID`, `CreatedAt`, `UpdatedAt`, `DeletedAt`, `Pid`, `Name`, `URL`, `Methods`, `IsMenu`, `SortID`) VALUES (68, '2019-12-08 11:13:25', '2019-12-08 11:13:25', NULL, 64, '批量删除', '/backend/article/attachment/delete-batch', 'PUT', 0, 1991);
INSERT INTO `Node` (`ID`, `CreatedAt`, `UpdatedAt`, `DeletedAt`, `Pid`, `Name`, `URL`, `Methods`, `IsMenu`, `SortID`) VALUES (69, '2019-12-11 18:58:35', '2019-12-11 18:58:35', NULL, 64, '秒传校验', '/backend/article/attachment/check/:md5', 'GET', 0, 1991);
INSERT INTO `Node` (`ID`, `CreatedAt`, `UpdatedAt`, `DeletedAt`, `Pid`, `Name`, `URL`, `Methods`, `IsMenu`, `SortID`) VALUES (70, '2019-12-24 18:13:55', '2019-12-25 09:15:00', NULL, 50, '渲染markdown为html', '/backend/article/content/render', 'GET,POST', 2, 1991);

INSERT INTO `User` (`ID`, `CreatedAt`, `UpdatedAt`, `DeletedAt`, `Account`, `Password`, `Nickname`, `Identity`, `Status`, `LastTime`) VALUES (1, '2019-08-31 19:46:30', '2019-11-30 21:14:05', NULL, 'admin', '$2a$10$OodNQxCyahPzfTW1VWPy/u3ZZWGx0Z3PW38b2gU6VjrWDmOcIBihC', 'admin', 1, 1, '2019-11-30 21:14:05');
INSERT INTO `User` (`ID`, `CreatedAt`, `UpdatedAt`, `DeletedAt`, `Account`, `Password`, `Nickname`, `Identity`, `Status`, `LastTime`) VALUES (2, '2019-08-31 20:06:02', '2019-09-21 14:29:33', NULL, 'guest', '$2a$10$sw2Q9oLt33dZ0Qc38hheE.juH9z1G3mbhHd1jhikbvigqswiN6Ne.', 'guest', 2, 1, '2019-08-31 20:23:57');
INSERT INTO `User` (`ID`, `CreatedAt`, `UpdatedAt`, `DeletedAt`, `Account`, `Password`, `Nickname`, `Identity`, `Status`, `LastTime`) VALUES (3, '2019-08-31 21:01:21', '2019-08-31 21:01:21', NULL, 'fgsdfgsfg', '$2a$10$i4wx420ZFMaq/rhLO4t9fuSy7YdIO6FOi3j/CV361924cjlIUA47O', 'fgsfgsdfg', 1, 1, NULL);
INSERT INTO `User` (`ID`, `CreatedAt`, `UpdatedAt`, `DeletedAt`, `Account`, `Password`, `Nickname`, `Identity`, `Status`, `LastTime`) VALUES (4, '2019-08-31 21:08:54', '2019-08-31 21:13:06', NULL, 'asdafgh', '$2a$10$lNPX53UxyUY/OjmHnvJsfO7gx1mhjDoxxuHo4bssz2fwHayHKs4FG', 'dfghdfhfh', 2, 1, NULL);
INSERT INTO `User` (`ID`, `CreatedAt`, `UpdatedAt`, `DeletedAt`, `Account`, `Password`, `Nickname`, `Identity`, `Status`, `LastTime`) VALUES (5, '2019-09-01 21:39:04', '2019-09-01 23:18:25', NULL, 'test', '$2a$10$AfGjed4D840O/F/lmJ/bCO.4HrunLzbX..PThamH3ggU6Z1vsL/xi', 'dsfgdfgsdfg111', 1, 1, '2019-09-01 23:18:25');
INSERT INTO `User` (`ID`, `CreatedAt`, `UpdatedAt`, `DeletedAt`, `Account`, `Password`, `Nickname`, `Identity`, `Status`, `LastTime`) VALUES (6, '2020-01-14 18:48:10', '2020-01-14 18:48:19', NULL, 'sdfgsdfgsdgf', '$2a$10$oQiNqPBjoqfY4DQOjTAvueHqgxB.jdd6uoq95F.neeRcehxruJxBC', 'dfadfasdf', 1, 1, NULL);

INSERT INTO `UserRoleRelation` (`ID`, `CreatedAt`, `UserID`, `RoleID`) VALUES (1, '2019-08-31 19:58:47', 1, 1);
INSERT INTO `UserRoleRelation` (`ID`, `CreatedAt`, `UserID`, `RoleID`) VALUES (2, '2019-08-31 20:06:41', 2, 3);
INSERT INTO `UserRoleRelation` (`ID`, `CreatedAt`, `UserID`, `RoleID`) VALUES (6, '2019-09-01 23:17:49', 5, 2);
INSERT INTO `UserRoleRelation` (`ID`, `CreatedAt`, `UserID`, `RoleID`) VALUES (25, '2020-01-14 18:53:27', 6, 1);
INSERT INTO `UserRoleRelation` (`ID`, `CreatedAt`, `UserID`, `RoleID`) VALUES (26, '2020-01-14 18:53:27', 6, 2);
INSERT INTO `UserRoleRelation` (`ID`, `CreatedAt`, `UserID`, `RoleID`) VALUES (27, '2020-01-14 18:53:27', 6, 3);

INSERT INTO `Role` (`ID`, `CreatedAt`, `UpdatedAt`, `DeletedAt`, `Pid`, `Name`, `SortID`) VALUES (1, '2019-08-31 19:56:19', '2019-08-31 19:56:19', NULL, 0, '超级管理员', 1991);
INSERT INTO `Role` (`ID`, `CreatedAt`, `UpdatedAt`, `DeletedAt`, `Pid`, `Name`, `SortID`) VALUES (2, '2019-08-31 19:56:36', '2019-08-31 19:56:36', NULL, 0, '普通管理员', 1991);
INSERT INTO `Role` (`ID`, `CreatedAt`, `UpdatedAt`, `DeletedAt`, `Pid`, `Name`, `SortID`) VALUES (3, '2019-08-31 19:56:40', '2019-09-01 22:45:11', NULL, 0, '来宾', 1991);
INSERT INTO `Role` (`ID`, `CreatedAt`, `UpdatedAt`, `DeletedAt`, `Pid`, `Name`, `SortID`) VALUES (4, '2019-09-01 22:57:16', '2019-09-01 22:59:24', '2019-09-01 22:59:26', 0, 'fdghdfghfghdfgh', 1991);
INSERT INTO `Role` (`ID`, `CreatedAt`, `UpdatedAt`, `DeletedAt`, `Pid`, `Name`, `SortID`) VALUES (5, '2020-01-14 18:53:50', '2020-01-14 18:53:58', NULL, 0, 'sdfgsdfgsdgf11111111', 1991);

INSERT INTO `RoleNodeRelation` (`ID`, `CreatedAt`, `RoleID`, `NodeID`) VALUES (430, '2019-09-01 22:55:25', 3, 1);
INSERT INTO `RoleNodeRelation` (`ID`, `CreatedAt`, `RoleID`, `NodeID`) VALUES (431, '2019-09-01 22:55:25', 3, 49);
INSERT INTO `RoleNodeRelation` (`ID`, `CreatedAt`, `RoleID`, `NodeID`) VALUES (432, '2019-09-01 22:55:25', 3, 3);
INSERT INTO `RoleNodeRelation` (`ID`, `CreatedAt`, `RoleID`, `NodeID`) VALUES (433, '2019-09-01 22:55:25', 3, 4);
INSERT INTO `RoleNodeRelation` (`ID`, `CreatedAt`, `RoleID`, `NodeID`) VALUES (434, '2019-09-01 22:55:25', 3, 11);
INSERT INTO `RoleNodeRelation` (`ID`, `CreatedAt`, `RoleID`, `NodeID`) VALUES (435, '2019-09-01 22:55:25', 3, 18);
INSERT INTO `RoleNodeRelation` (`ID`, `CreatedAt`, `RoleID`, `NodeID`) VALUES (436, '2019-09-01 22:55:25', 3, 19);
INSERT INTO `RoleNodeRelation` (`ID`, `CreatedAt`, `RoleID`, `NodeID`) VALUES (437, '2019-09-01 22:55:25', 3, 27);
INSERT INTO `RoleNodeRelation` (`ID`, `CreatedAt`, `RoleID`, `NodeID`) VALUES (438, '2019-09-01 22:55:25', 3, 35);
INSERT INTO `RoleNodeRelation` (`ID`, `CreatedAt`, `RoleID`, `NodeID`) VALUES (439, '2019-09-01 22:55:25', 3, 42);
INSERT INTO `RoleNodeRelation` (`ID`, `CreatedAt`, `RoleID`, `NodeID`) VALUES (489, '2019-09-01 22:57:40', 2, 1);
INSERT INTO `RoleNodeRelation` (`ID`, `CreatedAt`, `RoleID`, `NodeID`) VALUES (490, '2019-09-01 22:57:40', 2, 2);
INSERT INTO `RoleNodeRelation` (`ID`, `CreatedAt`, `RoleID`, `NodeID`) VALUES (491, '2019-09-01 22:57:40', 2, 49);
INSERT INTO `RoleNodeRelation` (`ID`, `CreatedAt`, `RoleID`, `NodeID`) VALUES (492, '2019-09-01 22:57:40', 2, 3);
INSERT INTO `RoleNodeRelation` (`ID`, `CreatedAt`, `RoleID`, `NodeID`) VALUES (493, '2019-09-01 22:57:40', 2, 4);
INSERT INTO `RoleNodeRelation` (`ID`, `CreatedAt`, `RoleID`, `NodeID`) VALUES (494, '2019-09-01 22:57:40', 2, 5);
INSERT INTO `RoleNodeRelation` (`ID`, `CreatedAt`, `RoleID`, `NodeID`) VALUES (495, '2019-09-01 22:57:40', 2, 6);
INSERT INTO `RoleNodeRelation` (`ID`, `CreatedAt`, `RoleID`, `NodeID`) VALUES (496, '2019-09-01 22:57:40', 2, 7);
INSERT INTO `RoleNodeRelation` (`ID`, `CreatedAt`, `RoleID`, `NodeID`) VALUES (497, '2019-09-01 22:57:40', 2, 8);
INSERT INTO `RoleNodeRelation` (`ID`, `CreatedAt`, `RoleID`, `NodeID`) VALUES (498, '2019-09-01 22:57:40', 2, 9);
INSERT INTO `RoleNodeRelation` (`ID`, `CreatedAt`, `RoleID`, `NodeID`) VALUES (499, '2019-09-01 22:57:40', 2, 10);
INSERT INTO `RoleNodeRelation` (`ID`, `CreatedAt`, `RoleID`, `NodeID`) VALUES (500, '2019-09-01 22:57:40', 2, 11);
INSERT INTO `RoleNodeRelation` (`ID`, `CreatedAt`, `RoleID`, `NodeID`) VALUES (501, '2019-09-01 22:57:40', 2, 12);
INSERT INTO `RoleNodeRelation` (`ID`, `CreatedAt`, `RoleID`, `NodeID`) VALUES (502, '2019-09-01 22:57:40', 2, 13);
INSERT INTO `RoleNodeRelation` (`ID`, `CreatedAt`, `RoleID`, `NodeID`) VALUES (503, '2019-09-01 22:57:40', 2, 14);
INSERT INTO `RoleNodeRelation` (`ID`, `CreatedAt`, `RoleID`, `NodeID`) VALUES (504, '2019-09-01 22:57:40', 2, 15);
INSERT INTO `RoleNodeRelation` (`ID`, `CreatedAt`, `RoleID`, `NodeID`) VALUES (505, '2019-09-01 22:57:40', 2, 16);
INSERT INTO `RoleNodeRelation` (`ID`, `CreatedAt`, `RoleID`, `NodeID`) VALUES (506, '2019-09-01 22:57:40', 2, 17);
INSERT INTO `RoleNodeRelation` (`ID`, `CreatedAt`, `RoleID`, `NodeID`) VALUES (507, '2019-09-01 22:57:40', 2, 42);
INSERT INTO `RoleNodeRelation` (`ID`, `CreatedAt`, `RoleID`, `NodeID`) VALUES (508, '2019-09-01 22:57:40', 2, 43);
INSERT INTO `RoleNodeRelation` (`ID`, `CreatedAt`, `RoleID`, `NodeID`) VALUES (509, '2019-09-01 22:57:40', 2, 44);
INSERT INTO `RoleNodeRelation` (`ID`, `CreatedAt`, `RoleID`, `NodeID`) VALUES (510, '2019-09-01 22:57:40', 2, 45);
INSERT INTO `RoleNodeRelation` (`ID`, `CreatedAt`, `RoleID`, `NodeID`) VALUES (511, '2019-09-01 22:57:40', 2, 46);
INSERT INTO `RoleNodeRelation` (`ID`, `CreatedAt`, `RoleID`, `NodeID`) VALUES (512, '2019-09-01 22:57:40', 2, 47);
INSERT INTO `RoleNodeRelation` (`ID`, `CreatedAt`, `RoleID`, `NodeID`) VALUES (513, '2019-09-01 22:57:40', 2, 48);
INSERT INTO `RoleNodeRelation` (`ID`, `CreatedAt`, `RoleID`, `NodeID`) VALUES (1745, '2019-12-24 18:13:55', 1, 1);
INSERT INTO `RoleNodeRelation` (`ID`, `CreatedAt`, `RoleID`, `NodeID`) VALUES (1746, '2019-12-24 18:13:55', 1, 2);
INSERT INTO `RoleNodeRelation` (`ID`, `CreatedAt`, `RoleID`, `NodeID`) VALUES (1747, '2019-12-24 18:13:55', 1, 3);
INSERT INTO `RoleNodeRelation` (`ID`, `CreatedAt`, `RoleID`, `NodeID`) VALUES (1748, '2019-12-24 18:13:55', 1, 4);
INSERT INTO `RoleNodeRelation` (`ID`, `CreatedAt`, `RoleID`, `NodeID`) VALUES (1749, '2019-12-24 18:13:55', 1, 11);
INSERT INTO `RoleNodeRelation` (`ID`, `CreatedAt`, `RoleID`, `NodeID`) VALUES (1750, '2019-12-24 18:13:55', 1, 18);
INSERT INTO `RoleNodeRelation` (`ID`, `CreatedAt`, `RoleID`, `NodeID`) VALUES (1751, '2019-12-24 18:13:55', 1, 19);
INSERT INTO `RoleNodeRelation` (`ID`, `CreatedAt`, `RoleID`, `NodeID`) VALUES (1752, '2019-12-24 18:13:55', 1, 26);
INSERT INTO `RoleNodeRelation` (`ID`, `CreatedAt`, `RoleID`, `NodeID`) VALUES (1753, '2019-12-24 18:13:55', 1, 27);
INSERT INTO `RoleNodeRelation` (`ID`, `CreatedAt`, `RoleID`, `NodeID`) VALUES (1754, '2019-12-24 18:13:55', 1, 34);
INSERT INTO `RoleNodeRelation` (`ID`, `CreatedAt`, `RoleID`, `NodeID`) VALUES (1755, '2019-12-24 18:13:55', 1, 35);
INSERT INTO `RoleNodeRelation` (`ID`, `CreatedAt`, `RoleID`, `NodeID`) VALUES (1756, '2019-12-24 18:13:55', 1, 42);
INSERT INTO `RoleNodeRelation` (`ID`, `CreatedAt`, `RoleID`, `NodeID`) VALUES (1757, '2019-12-24 18:13:55', 1, 49);
INSERT INTO `RoleNodeRelation` (`ID`, `CreatedAt`, `RoleID`, `NodeID`) VALUES (1758, '2019-12-24 18:13:55', 1, 50);
INSERT INTO `RoleNodeRelation` (`ID`, `CreatedAt`, `RoleID`, `NodeID`) VALUES (1759, '2019-12-24 18:13:55', 1, 57);
INSERT INTO `RoleNodeRelation` (`ID`, `CreatedAt`, `RoleID`, `NodeID`) VALUES (1760, '2019-12-24 18:13:55', 1, 58);
INSERT INTO `RoleNodeRelation` (`ID`, `CreatedAt`, `RoleID`, `NodeID`) VALUES (1761, '2019-12-24 18:13:55', 1, 60);
INSERT INTO `RoleNodeRelation` (`ID`, `CreatedAt`, `RoleID`, `NodeID`) VALUES (1762, '2019-12-24 18:13:55', 1, 61);
INSERT INTO `RoleNodeRelation` (`ID`, `CreatedAt`, `RoleID`, `NodeID`) VALUES (1763, '2019-12-24 18:13:55', 1, 62);
INSERT INTO `RoleNodeRelation` (`ID`, `CreatedAt`, `RoleID`, `NodeID`) VALUES (1764, '2019-12-24 18:13:55', 1, 63);
INSERT INTO `RoleNodeRelation` (`ID`, `CreatedAt`, `RoleID`, `NodeID`) VALUES (1765, '2019-12-24 18:13:55', 1, 64);
INSERT INTO `RoleNodeRelation` (`ID`, `CreatedAt`, `RoleID`, `NodeID`) VALUES (1766, '2019-12-24 18:13:55', 1, 65);
INSERT INTO `RoleNodeRelation` (`ID`, `CreatedAt`, `RoleID`, `NodeID`) VALUES (1767, '2019-12-24 18:13:55', 1, 66);
INSERT INTO `RoleNodeRelation` (`ID`, `CreatedAt`, `RoleID`, `NodeID`) VALUES (1768, '2019-12-24 18:13:55', 1, 67);
INSERT INTO `RoleNodeRelation` (`ID`, `CreatedAt`, `RoleID`, `NodeID`) VALUES (1769, '2019-12-24 18:13:55', 1, 68);
INSERT INTO `RoleNodeRelation` (`ID`, `CreatedAt`, `RoleID`, `NodeID`) VALUES (1770, '2019-12-24 18:13:55', 1, 69);
INSERT INTO `RoleNodeRelation` (`ID`, `CreatedAt`, `RoleID`, `NodeID`) VALUES (1771, '2019-12-24 18:13:55', 1, 70);
INSERT INTO `RoleNodeRelation` (`ID`, `CreatedAt`, `RoleID`, `NodeID`) VALUES (1772, '2019-12-24 18:13:55', 1, 5);
INSERT INTO `RoleNodeRelation` (`ID`, `CreatedAt`, `RoleID`, `NodeID`) VALUES (1773, '2019-12-24 18:13:55', 1, 12);
INSERT INTO `RoleNodeRelation` (`ID`, `CreatedAt`, `RoleID`, `NodeID`) VALUES (1774, '2019-12-24 18:13:55', 1, 20);
INSERT INTO `RoleNodeRelation` (`ID`, `CreatedAt`, `RoleID`, `NodeID`) VALUES (1775, '2019-12-24 18:13:55', 1, 28);
INSERT INTO `RoleNodeRelation` (`ID`, `CreatedAt`, `RoleID`, `NodeID`) VALUES (1776, '2019-12-24 18:13:55', 1, 36);
INSERT INTO `RoleNodeRelation` (`ID`, `CreatedAt`, `RoleID`, `NodeID`) VALUES (1777, '2019-12-24 18:13:55', 1, 43);
INSERT INTO `RoleNodeRelation` (`ID`, `CreatedAt`, `RoleID`, `NodeID`) VALUES (1778, '2019-12-24 18:13:55', 1, 51);
INSERT INTO `RoleNodeRelation` (`ID`, `CreatedAt`, `RoleID`, `NodeID`) VALUES (1779, '2019-12-24 18:13:55', 1, 6);
INSERT INTO `RoleNodeRelation` (`ID`, `CreatedAt`, `RoleID`, `NodeID`) VALUES (1780, '2019-12-24 18:13:55', 1, 13);
INSERT INTO `RoleNodeRelation` (`ID`, `CreatedAt`, `RoleID`, `NodeID`) VALUES (1781, '2019-12-24 18:13:55', 1, 21);
INSERT INTO `RoleNodeRelation` (`ID`, `CreatedAt`, `RoleID`, `NodeID`) VALUES (1782, '2019-12-24 18:13:55', 1, 29);
INSERT INTO `RoleNodeRelation` (`ID`, `CreatedAt`, `RoleID`, `NodeID`) VALUES (1783, '2019-12-24 18:13:55', 1, 37);
INSERT INTO `RoleNodeRelation` (`ID`, `CreatedAt`, `RoleID`, `NodeID`) VALUES (1784, '2019-12-24 18:13:55', 1, 44);
INSERT INTO `RoleNodeRelation` (`ID`, `CreatedAt`, `RoleID`, `NodeID`) VALUES (1785, '2019-12-24 18:13:55', 1, 52);
INSERT INTO `RoleNodeRelation` (`ID`, `CreatedAt`, `RoleID`, `NodeID`) VALUES (1786, '2019-12-24 18:13:55', 1, 7);
INSERT INTO `RoleNodeRelation` (`ID`, `CreatedAt`, `RoleID`, `NodeID`) VALUES (1787, '2019-12-24 18:13:55', 1, 14);
INSERT INTO `RoleNodeRelation` (`ID`, `CreatedAt`, `RoleID`, `NodeID`) VALUES (1788, '2019-12-24 18:13:55', 1, 22);
INSERT INTO `RoleNodeRelation` (`ID`, `CreatedAt`, `RoleID`, `NodeID`) VALUES (1789, '2019-12-24 18:13:55', 1, 30);
INSERT INTO `RoleNodeRelation` (`ID`, `CreatedAt`, `RoleID`, `NodeID`) VALUES (1790, '2019-12-24 18:13:55', 1, 38);
INSERT INTO `RoleNodeRelation` (`ID`, `CreatedAt`, `RoleID`, `NodeID`) VALUES (1791, '2019-12-24 18:13:55', 1, 45);
INSERT INTO `RoleNodeRelation` (`ID`, `CreatedAt`, `RoleID`, `NodeID`) VALUES (1792, '2019-12-24 18:13:55', 1, 53);
INSERT INTO `RoleNodeRelation` (`ID`, `CreatedAt`, `RoleID`, `NodeID`) VALUES (1793, '2019-12-24 18:13:55', 1, 8);
INSERT INTO `RoleNodeRelation` (`ID`, `CreatedAt`, `RoleID`, `NodeID`) VALUES (1794, '2019-12-24 18:13:55', 1, 15);
INSERT INTO `RoleNodeRelation` (`ID`, `CreatedAt`, `RoleID`, `NodeID`) VALUES (1795, '2019-12-24 18:13:55', 1, 23);
INSERT INTO `RoleNodeRelation` (`ID`, `CreatedAt`, `RoleID`, `NodeID`) VALUES (1796, '2019-12-24 18:13:55', 1, 31);
INSERT INTO `RoleNodeRelation` (`ID`, `CreatedAt`, `RoleID`, `NodeID`) VALUES (1797, '2019-12-24 18:13:55', 1, 39);
INSERT INTO `RoleNodeRelation` (`ID`, `CreatedAt`, `RoleID`, `NodeID`) VALUES (1798, '2019-12-24 18:13:55', 1, 46);
INSERT INTO `RoleNodeRelation` (`ID`, `CreatedAt`, `RoleID`, `NodeID`) VALUES (1799, '2019-12-24 18:13:55', 1, 54);
INSERT INTO `RoleNodeRelation` (`ID`, `CreatedAt`, `RoleID`, `NodeID`) VALUES (1800, '2019-12-24 18:13:55', 1, 9);
INSERT INTO `RoleNodeRelation` (`ID`, `CreatedAt`, `RoleID`, `NodeID`) VALUES (1801, '2019-12-24 18:13:55', 1, 16);
INSERT INTO `RoleNodeRelation` (`ID`, `CreatedAt`, `RoleID`, `NodeID`) VALUES (1802, '2019-12-24 18:13:55', 1, 24);
INSERT INTO `RoleNodeRelation` (`ID`, `CreatedAt`, `RoleID`, `NodeID`) VALUES (1803, '2019-12-24 18:13:55', 1, 32);
INSERT INTO `RoleNodeRelation` (`ID`, `CreatedAt`, `RoleID`, `NodeID`) VALUES (1804, '2019-12-24 18:13:55', 1, 40);
INSERT INTO `RoleNodeRelation` (`ID`, `CreatedAt`, `RoleID`, `NodeID`) VALUES (1805, '2019-12-24 18:13:55', 1, 47);
INSERT INTO `RoleNodeRelation` (`ID`, `CreatedAt`, `RoleID`, `NodeID`) VALUES (1806, '2019-12-24 18:13:55', 1, 55);
INSERT INTO `RoleNodeRelation` (`ID`, `CreatedAt`, `RoleID`, `NodeID`) VALUES (1807, '2019-12-24 18:13:55', 1, 10);
INSERT INTO `RoleNodeRelation` (`ID`, `CreatedAt`, `RoleID`, `NodeID`) VALUES (1808, '2019-12-24 18:13:55', 1, 17);
INSERT INTO `RoleNodeRelation` (`ID`, `CreatedAt`, `RoleID`, `NodeID`) VALUES (1809, '2019-12-24 18:13:55', 1, 25);
INSERT INTO `RoleNodeRelation` (`ID`, `CreatedAt`, `RoleID`, `NodeID`) VALUES (1810, '2019-12-24 18:13:55', 1, 33);
INSERT INTO `RoleNodeRelation` (`ID`, `CreatedAt`, `RoleID`, `NodeID`) VALUES (1811, '2019-12-24 18:13:55', 1, 41);
INSERT INTO `RoleNodeRelation` (`ID`, `CreatedAt`, `RoleID`, `NodeID`) VALUES (1812, '2019-12-24 18:13:55', 1, 48);
INSERT INTO `RoleNodeRelation` (`ID`, `CreatedAt`, `RoleID`, `NodeID`) VALUES (1813, '2019-12-24 18:13:55', 1, 56);
INSERT INTO `RoleNodeRelation` (`ID`, `CreatedAt`, `RoleID`, `NodeID`) VALUES (2018, '2020-01-14 18:54:51', 5, 3);
INSERT INTO `RoleNodeRelation` (`ID`, `CreatedAt`, `RoleID`, `NodeID`) VALUES (2019, '2020-01-14 18:54:51', 5, 4);
INSERT INTO `RoleNodeRelation` (`ID`, `CreatedAt`, `RoleID`, `NodeID`) VALUES (2020, '2020-01-14 18:54:51', 5, 5);
INSERT INTO `RoleNodeRelation` (`ID`, `CreatedAt`, `RoleID`, `NodeID`) VALUES (2021, '2020-01-14 18:54:51', 5, 6);
INSERT INTO `RoleNodeRelation` (`ID`, `CreatedAt`, `RoleID`, `NodeID`) VALUES (2022, '2020-01-14 18:54:51', 5, 7);
INSERT INTO `RoleNodeRelation` (`ID`, `CreatedAt`, `RoleID`, `NodeID`) VALUES (2023, '2020-01-14 18:54:51', 5, 8);
INSERT INTO `RoleNodeRelation` (`ID`, `CreatedAt`, `RoleID`, `NodeID`) VALUES (2024, '2020-01-14 18:54:51', 5, 9);
INSERT INTO `RoleNodeRelation` (`ID`, `CreatedAt`, `RoleID`, `NodeID`) VALUES (2025, '2020-01-14 18:54:51', 5, 10);
INSERT INTO `RoleNodeRelation` (`ID`, `CreatedAt`, `RoleID`, `NodeID`) VALUES (2026, '2020-01-14 18:54:51', 5, 11);
INSERT INTO `RoleNodeRelation` (`ID`, `CreatedAt`, `RoleID`, `NodeID`) VALUES (2027, '2020-01-14 18:54:51', 5, 12);
INSERT INTO `RoleNodeRelation` (`ID`, `CreatedAt`, `RoleID`, `NodeID`) VALUES (2028, '2020-01-14 18:54:51', 5, 13);
INSERT INTO `RoleNodeRelation` (`ID`, `CreatedAt`, `RoleID`, `NodeID`) VALUES (2029, '2020-01-14 18:54:51', 5, 14);
INSERT INTO `RoleNodeRelation` (`ID`, `CreatedAt`, `RoleID`, `NodeID`) VALUES (2030, '2020-01-14 18:54:51', 5, 15);
INSERT INTO `RoleNodeRelation` (`ID`, `CreatedAt`, `RoleID`, `NodeID`) VALUES (2031, '2020-01-14 18:54:51', 5, 16);
INSERT INTO `RoleNodeRelation` (`ID`, `CreatedAt`, `RoleID`, `NodeID`) VALUES (2032, '2020-01-14 18:54:51', 5, 17);
INSERT INTO `RoleNodeRelation` (`ID`, `CreatedAt`, `RoleID`, `NodeID`) VALUES (2033, '2020-01-14 18:54:51', 5, 50);
INSERT INTO `RoleNodeRelation` (`ID`, `CreatedAt`, `RoleID`, `NodeID`) VALUES (2034, '2020-01-14 18:54:51', 5, 57);
INSERT INTO `RoleNodeRelation` (`ID`, `CreatedAt`, `RoleID`, `NodeID`) VALUES (2035, '2020-01-14 18:54:51', 5, 58);
INSERT INTO `RoleNodeRelation` (`ID`, `CreatedAt`, `RoleID`, `NodeID`) VALUES (2036, '2020-01-14 18:54:51', 5, 60);
INSERT INTO `RoleNodeRelation` (`ID`, `CreatedAt`, `RoleID`, `NodeID`) VALUES (2037, '2020-01-14 18:54:51', 5, 61);
INSERT INTO `RoleNodeRelation` (`ID`, `CreatedAt`, `RoleID`, `NodeID`) VALUES (2038, '2020-01-14 18:54:51', 5, 62);
INSERT INTO `RoleNodeRelation` (`ID`, `CreatedAt`, `RoleID`, `NodeID`) VALUES (2039, '2020-01-14 18:54:51', 5, 63);
INSERT INTO `RoleNodeRelation` (`ID`, `CreatedAt`, `RoleID`, `NodeID`) VALUES (2040, '2020-01-14 18:54:51', 5, 70);
INSERT INTO `RoleNodeRelation` (`ID`, `CreatedAt`, `RoleID`, `NodeID`) VALUES (2041, '2020-01-14 18:54:51', 5, 51);
INSERT INTO `RoleNodeRelation` (`ID`, `CreatedAt`, `RoleID`, `NodeID`) VALUES (2042, '2020-01-14 18:54:51', 5, 52);
INSERT INTO `RoleNodeRelation` (`ID`, `CreatedAt`, `RoleID`, `NodeID`) VALUES (2043, '2020-01-14 18:54:51', 5, 53);
INSERT INTO `RoleNodeRelation` (`ID`, `CreatedAt`, `RoleID`, `NodeID`) VALUES (2044, '2020-01-14 18:54:51', 5, 54);
INSERT INTO `RoleNodeRelation` (`ID`, `CreatedAt`, `RoleID`, `NodeID`) VALUES (2045, '2020-01-14 18:54:51', 5, 55);
INSERT INTO `RoleNodeRelation` (`ID`, `CreatedAt`, `RoleID`, `NodeID`) VALUES (2046, '2020-01-14 18:54:51', 5, 56);
INSERT INTO `RoleNodeRelation` (`ID`, `CreatedAt`, `RoleID`, `NodeID`) VALUES (2047, '2020-01-14 18:54:51', 5, 64);
INSERT INTO `RoleNodeRelation` (`ID`, `CreatedAt`, `RoleID`, `NodeID`) VALUES (2048, '2020-01-14 18:54:51', 5, 65);
INSERT INTO `RoleNodeRelation` (`ID`, `CreatedAt`, `RoleID`, `NodeID`) VALUES (2049, '2020-01-14 18:54:51', 5, 66);
INSERT INTO `RoleNodeRelation` (`ID`, `CreatedAt`, `RoleID`, `NodeID`) VALUES (2050, '2020-01-14 18:54:51', 5, 67);
INSERT INTO `RoleNodeRelation` (`ID`, `CreatedAt`, `RoleID`, `NodeID`) VALUES (2051, '2020-01-14 18:54:51', 5, 68);
INSERT INTO `RoleNodeRelation` (`ID`, `CreatedAt`, `RoleID`, `NodeID`) VALUES (2052, '2020-01-14 18:54:51', 5, 69);
INSERT INTO `RoleNodeRelation` (`ID`, `CreatedAt`, `RoleID`, `NodeID`) VALUES (2053, '2020-01-14 18:54:51', 5, 18);
INSERT INTO `RoleNodeRelation` (`ID`, `CreatedAt`, `RoleID`, `NodeID`) VALUES (2054, '2020-01-14 18:54:51', 5, 19);
INSERT INTO `RoleNodeRelation` (`ID`, `CreatedAt`, `RoleID`, `NodeID`) VALUES (2055, '2020-01-14 18:54:51', 5, 26);
INSERT INTO `RoleNodeRelation` (`ID`, `CreatedAt`, `RoleID`, `NodeID`) VALUES (2056, '2020-01-14 18:54:51', 5, 20);
INSERT INTO `RoleNodeRelation` (`ID`, `CreatedAt`, `RoleID`, `NodeID`) VALUES (2057, '2020-01-14 18:54:51', 5, 21);
INSERT INTO `RoleNodeRelation` (`ID`, `CreatedAt`, `RoleID`, `NodeID`) VALUES (2058, '2020-01-14 18:54:51', 5, 22);
INSERT INTO `RoleNodeRelation` (`ID`, `CreatedAt`, `RoleID`, `NodeID`) VALUES (2059, '2020-01-14 18:54:51', 5, 23);
INSERT INTO `RoleNodeRelation` (`ID`, `CreatedAt`, `RoleID`, `NodeID`) VALUES (2060, '2020-01-14 18:54:51', 5, 24);
INSERT INTO `RoleNodeRelation` (`ID`, `CreatedAt`, `RoleID`, `NodeID`) VALUES (2061, '2020-01-14 18:54:51', 5, 25);
INSERT INTO `RoleNodeRelation` (`ID`, `CreatedAt`, `RoleID`, `NodeID`) VALUES (2062, '2020-01-14 18:54:51', 5, 27);
INSERT INTO `RoleNodeRelation` (`ID`, `CreatedAt`, `RoleID`, `NodeID`) VALUES (2063, '2020-01-14 18:54:51', 5, 34);
INSERT INTO `RoleNodeRelation` (`ID`, `CreatedAt`, `RoleID`, `NodeID`) VALUES (2064, '2020-01-14 18:54:51', 5, 28);
INSERT INTO `RoleNodeRelation` (`ID`, `CreatedAt`, `RoleID`, `NodeID`) VALUES (2065, '2020-01-14 18:54:51', 5, 29);
INSERT INTO `RoleNodeRelation` (`ID`, `CreatedAt`, `RoleID`, `NodeID`) VALUES (2066, '2020-01-14 18:54:51', 5, 30);
INSERT INTO `RoleNodeRelation` (`ID`, `CreatedAt`, `RoleID`, `NodeID`) VALUES (2067, '2020-01-14 18:54:51', 5, 31);
INSERT INTO `RoleNodeRelation` (`ID`, `CreatedAt`, `RoleID`, `NodeID`) VALUES (2068, '2020-01-14 18:54:51', 5, 32);
INSERT INTO `RoleNodeRelation` (`ID`, `CreatedAt`, `RoleID`, `NodeID`) VALUES (2069, '2020-01-14 18:54:51', 5, 33);
INSERT INTO `RoleNodeRelation` (`ID`, `CreatedAt`, `RoleID`, `NodeID`) VALUES (2070, '2020-01-14 18:54:51', 5, 35);
INSERT INTO `RoleNodeRelation` (`ID`, `CreatedAt`, `RoleID`, `NodeID`) VALUES (2071, '2020-01-14 18:54:51', 5, 36);
INSERT INTO `RoleNodeRelation` (`ID`, `CreatedAt`, `RoleID`, `NodeID`) VALUES (2072, '2020-01-14 18:54:51', 5, 37);
INSERT INTO `RoleNodeRelation` (`ID`, `CreatedAt`, `RoleID`, `NodeID`) VALUES (2073, '2020-01-14 18:54:51', 5, 38);
INSERT INTO `RoleNodeRelation` (`ID`, `CreatedAt`, `RoleID`, `NodeID`) VALUES (2074, '2020-01-14 18:54:51', 5, 39);
INSERT INTO `RoleNodeRelation` (`ID`, `CreatedAt`, `RoleID`, `NodeID`) VALUES (2075, '2020-01-14 18:54:51', 5, 40);
INSERT INTO `RoleNodeRelation` (`ID`, `CreatedAt`, `RoleID`, `NodeID`) VALUES (2076, '2020-01-14 18:54:51', 5, 41);
INSERT INTO `RoleNodeRelation` (`ID`, `CreatedAt`, `RoleID`, `NodeID`) VALUES (2077, '2020-01-14 18:54:51', 5, 42);
INSERT INTO `RoleNodeRelation` (`ID`, `CreatedAt`, `RoleID`, `NodeID`) VALUES (2078, '2020-01-14 18:54:51', 5, 43);
INSERT INTO `RoleNodeRelation` (`ID`, `CreatedAt`, `RoleID`, `NodeID`) VALUES (2079, '2020-01-14 18:54:51', 5, 44);
INSERT INTO `RoleNodeRelation` (`ID`, `CreatedAt`, `RoleID`, `NodeID`) VALUES (2080, '2020-01-14 18:54:51', 5, 45);
INSERT INTO `RoleNodeRelation` (`ID`, `CreatedAt`, `RoleID`, `NodeID`) VALUES (2081, '2020-01-14 18:54:51', 5, 47);
INSERT INTO `RoleNodeRelation` (`ID`, `CreatedAt`, `RoleID`, `NodeID`) VALUES (2082, '2020-01-14 18:54:51', 5, 48);

INSERT INTO `Category` (`ID`, `CreatedAt`, `UpdatedAt`, `DeletedAt`, `Pid`, `Name`, `SortID`) VALUES (1, '2019-10-23 16:50:37', '2019-10-23 16:50:37', '2019-11-22 21:51:27', 0, 'sdadsf', 1991);
INSERT INTO `Category` (`ID`, `CreatedAt`, `UpdatedAt`, `DeletedAt`, `Pid`, `Name`, `SortID`) VALUES (2, '2019-10-23 16:50:40', '2019-10-23 16:50:40', '2019-11-22 21:51:27', 0, '规划的风格和', 1991);
INSERT INTO `Category` (`ID`, `CreatedAt`, `UpdatedAt`, `DeletedAt`, `Pid`, `Name`, `SortID`) VALUES (3, '2019-10-23 16:50:42', '2019-10-23 16:50:42', '2019-11-22 21:51:27', 0, '的翻跟斗风格和', 1991);
INSERT INTO `Category` (`ID`, `CreatedAt`, `UpdatedAt`, `DeletedAt`, `Pid`, `Name`, `SortID`) VALUES (4, '2019-10-23 16:50:44', '2019-10-23 16:50:44', '2019-11-22 21:51:27', 0, '的翻跟斗风格和', 1991);
INSERT INTO `Category` (`ID`, `CreatedAt`, `UpdatedAt`, `DeletedAt`, `Pid`, `Name`, `SortID`) VALUES (5, '2019-10-23 16:50:47', '2019-10-23 16:50:47', '2019-11-22 21:51:27', 0, '的翻跟斗广泛和', 1991);
INSERT INTO `Category` (`ID`, `CreatedAt`, `UpdatedAt`, `DeletedAt`, `Pid`, `Name`, `SortID`) VALUES (6, '2019-11-22 21:51:34', '2019-11-22 21:51:34', NULL, 0, '计算机', 1991);
INSERT INTO `Category` (`ID`, `CreatedAt`, `UpdatedAt`, `DeletedAt`, `Pid`, `Name`, `SortID`) VALUES (7, '2019-11-22 21:51:48', '2019-11-22 21:51:48', NULL, 6, '前端', 1991);
INSERT INTO `Category` (`ID`, `CreatedAt`, `UpdatedAt`, `DeletedAt`, `Pid`, `Name`, `SortID`) VALUES (8, '2019-11-22 21:51:53', '2019-11-22 21:51:53', NULL, 6, '后端', 1991);
INSERT INTO `Category` (`ID`, `CreatedAt`, `UpdatedAt`, `DeletedAt`, `Pid`, `Name`, `SortID`) VALUES (9, '2019-11-22 21:52:01', '2019-11-22 21:52:01', NULL, 6, '算法', 1991);
INSERT INTO `Category` (`ID`, `CreatedAt`, `UpdatedAt`, `DeletedAt`, `Pid`, `Name`, `SortID`) VALUES (10, '2019-11-22 21:52:34', '2019-11-22 21:52:34', NULL, 6, '祖传代码', 1991);
INSERT INTO `Category` (`ID`, `CreatedAt`, `UpdatedAt`, `DeletedAt`, `Pid`, `Name`, `SortID`) VALUES (11, '2019-11-22 21:52:43', '2019-11-22 21:52:43', NULL, 0, '随笔', 1991);
INSERT INTO `Category` (`ID`, `CreatedAt`, `UpdatedAt`, `DeletedAt`, `Pid`, `Name`, `SortID`) VALUES (12, '2019-11-22 21:52:54', '2019-11-22 21:52:54', NULL, 11, '天下事', 1991);
INSERT INTO `Category` (`ID`, `CreatedAt`, `UpdatedAt`, `DeletedAt`, `Pid`, `Name`, `SortID`) VALUES (13, '2020-01-14 18:47:45', '2020-01-14 18:47:51', '2020-01-15 17:32:28', 0, '士大夫敢死队风格发1111', 1991);

INSERT INTO `Attachment` (`ID`, `CreatedAt`, `UpdatedAt`, `DeletedAt`, `Name`, `Path`, `Ext`, `Folder`, `Size`, `MD5`) VALUES (347, '2019-12-24 16:37:56', '2019-12-24 16:37:56', NULL, '2.jpg', 'uploads/201912/227269d18b632ebb.jpg', 'jpg', './', 198804, '44fd86e6df6c4bcf2fe7e46b1a644a16');
INSERT INTO `Attachment` (`ID`, `CreatedAt`, `UpdatedAt`, `DeletedAt`, `Name`, `Path`, `Ext`, `Folder`, `Size`, `MD5`) VALUES (348, '2019-12-24 16:37:56', '2019-12-24 16:37:56', NULL, '3.jpg', 'uploads/201912/29f6763566bc6eac.jpg', 'jpg', './', 283850, 'fd0cf4fbcc97a56245ea6116f735feff');
INSERT INTO `Attachment` (`ID`, `CreatedAt`, `UpdatedAt`, `DeletedAt`, `Name`, `Path`, `Ext`, `Folder`, `Size`, `MD5`) VALUES (349, '2019-12-24 16:37:56', '2019-12-24 16:37:56', NULL, '4.jpg', 'uploads/201912/ab960d5ba113d9ff.jpg', 'jpg', './', 82221, 'ec24faf2abef603b5f46087015a0dc55');
INSERT INTO `Attachment` (`ID`, `CreatedAt`, `UpdatedAt`, `DeletedAt`, `Name`, `Path`, `Ext`, `Folder`, `Size`, `MD5`) VALUES (350, '2020-01-14 18:47:18', '2020-01-14 18:47:18', NULL, '镜子事件列表导入(1).xlsx', 'uploads/202001/0fe344ee1d55bb57.xlsx', 'xlsx', './', 27209, '44aa5dd9b20c28236cce6325f3a260fc');
INSERT INTO `Attachment` (`ID`, `CreatedAt`, `UpdatedAt`, `DeletedAt`, `Name`, `Path`, `Ext`, `Folder`, `Size`, `MD5`) VALUES (351, '2020-01-15 17:25:35', '2020-01-15 17:25:35', NULL, 'image.png', 'uploads/202001/287d67c8ea08f123.png', 'png', './', 5863, 'ed772250ebf1ed1619208c6a5d60d75d');
INSERT INTO `Attachment` (`ID`, `CreatedAt`, `UpdatedAt`, `DeletedAt`, `Name`, `Path`, `Ext`, `Folder`, `Size`, `MD5`) VALUES (352, '2020-01-15 17:27:32', '2020-01-15 17:27:32', NULL, 'image.png', 'uploads/202001/464f8afcec36e1f8.png', 'png', './', 9065, '53be4b97183a7559d36dfea6d89d653b');
INSERT INTO `Attachment` (`ID`, `CreatedAt`, `UpdatedAt`, `DeletedAt`, `Name`, `Path`, `Ext`, `Folder`, `Size`, `MD5`) VALUES (353, '2020-01-15 17:27:59', '2020-01-15 17:27:59', NULL, 'image.png', 'uploads/202001/cf3762f431110bfb.png', 'png', './', 17087, '40b391a075a0f7bc4b078f73170658cc');

INSERT INTO `Tag` (`ID`, `CreatedAt`, `UpdatedAt`, `DeletedAt`, `Name`) VALUES (1, '2019-08-31 20:07:33', '2019-08-31 20:07:33', '2019-08-31 20:07:35', 'test');
INSERT INTO `Tag` (`ID`, `CreatedAt`, `UpdatedAt`, `DeletedAt`, `Name`) VALUES (2, '2019-08-31 20:10:36', '2019-08-31 20:10:44', '2019-08-31 20:10:51', 'test');
INSERT INTO `Tag` (`ID`, `CreatedAt`, `UpdatedAt`, `DeletedAt`, `Name`) VALUES (3, '2019-08-31 20:24:24', '2019-08-31 20:24:24', '2019-08-31 20:24:27', 'aa');
INSERT INTO `Tag` (`ID`, `CreatedAt`, `UpdatedAt`, `DeletedAt`, `Name`) VALUES (4, '2019-08-31 20:25:04', '2019-08-31 20:25:04', '2019-08-31 20:25:12', 'dffg');
INSERT INTO `Tag` (`ID`, `CreatedAt`, `UpdatedAt`, `DeletedAt`, `Name`) VALUES (5, '2019-08-31 20:31:14', '2019-08-31 20:36:33', '2019-08-31 20:38:43', 'asdfsdf');
INSERT INTO `Tag` (`ID`, `CreatedAt`, `UpdatedAt`, `DeletedAt`, `Name`) VALUES (6, '2019-08-31 20:39:27', '2019-09-01 22:19:33', '2019-09-01 22:20:00', 'testdfsdf');
INSERT INTO `Tag` (`ID`, `CreatedAt`, `UpdatedAt`, `DeletedAt`, `Name`) VALUES (7, '2019-08-31 20:56:44', '2019-08-31 20:56:44', '2019-08-31 20:57:06', 'sss');
INSERT INTO `Tag` (`ID`, `CreatedAt`, `UpdatedAt`, `DeletedAt`, `Name`) VALUES (8, '2019-09-01 22:19:37', '2019-09-01 22:19:37', '2019-09-01 22:19:58', 'sdfgsdfg');
INSERT INTO `Tag` (`ID`, `CreatedAt`, `UpdatedAt`, `DeletedAt`, `Name`) VALUES (9, '2019-09-01 22:19:39', '2019-09-01 22:19:53', '2019-09-01 22:19:56', 'dfdfgh111');
INSERT INTO `Tag` (`ID`, `CreatedAt`, `UpdatedAt`, `DeletedAt`, `Name`) VALUES (10, '2019-09-01 23:33:36', '2019-09-01 23:33:36', '2019-09-01 23:33:47', 'dvbbf');
INSERT INTO `Tag` (`ID`, `CreatedAt`, `UpdatedAt`, `DeletedAt`, `Name`) VALUES (11, '2019-09-01 23:33:38', '2019-09-01 23:33:38', '2019-09-01 23:33:45', 'hfjfgjh');
INSERT INTO `Tag` (`ID`, `CreatedAt`, `UpdatedAt`, `DeletedAt`, `Name`) VALUES (12, '2019-09-22 10:36:06', '2019-09-22 10:36:06', NULL, 'php');
INSERT INTO `Tag` (`ID`, `CreatedAt`, `UpdatedAt`, `DeletedAt`, `Name`) VALUES (13, '2019-09-22 10:36:18', '2019-09-22 10:36:18', NULL, '中国');
INSERT INTO `Tag` (`ID`, `CreatedAt`, `UpdatedAt`, `DeletedAt`, `Name`) VALUES (14, '2019-09-22 10:36:26', '2019-09-22 10:36:26', NULL, '南昌');
INSERT INTO `Tag` (`ID`, `CreatedAt`, `UpdatedAt`, `DeletedAt`, `Name`) VALUES (15, '2019-09-22 10:36:31', '2019-10-13 16:25:48', NULL, '赣州');
INSERT INTO `Tag` (`ID`, `CreatedAt`, `UpdatedAt`, `DeletedAt`, `Name`) VALUES (16, '2019-10-25 15:33:20', '2019-11-29 15:43:33', NULL, '上海');
INSERT INTO `Tag` (`ID`, `CreatedAt`, `UpdatedAt`, `DeletedAt`, `Name`) VALUES (17, '2019-11-26 17:33:44', '2019-11-26 17:33:44', NULL, 'test');
INSERT INTO `Tag` (`ID`, `CreatedAt`, `UpdatedAt`, `DeletedAt`, `Name`) VALUES (18, '2019-11-26 17:46:02', '2019-11-29 15:43:50', NULL, 'xxx');
INSERT INTO `Tag` (`ID`, `CreatedAt`, `UpdatedAt`, `DeletedAt`, `Name`) VALUES (19, '2019-11-29 15:33:43', '2019-11-29 15:33:43', NULL, '000');
INSERT INTO `Tag` (`ID`, `CreatedAt`, `UpdatedAt`, `DeletedAt`, `Name`) VALUES (20, '2019-12-24 15:07:37', '2019-12-24 15:07:37', NULL, '鼠年');
INSERT INTO `Tag` (`ID`, `CreatedAt`, `UpdatedAt`, `DeletedAt`, `Name`) VALUES (21, '2020-01-14 13:35:22', '2020-01-14 13:35:22', NULL, 'ssssssss');
INSERT INTO `Tag` (`ID`, `CreatedAt`, `UpdatedAt`, `DeletedAt`, `Name`) VALUES (22, '2020-01-14 13:39:13', '2020-01-14 13:39:13', NULL, '111111111');
INSERT INTO `Tag` (`ID`, `CreatedAt`, `UpdatedAt`, `DeletedAt`, `Name`) VALUES (23, '2020-01-14 13:44:07', '2020-01-14 13:44:07', NULL, 'asdfadfsadsfasdf');
INSERT INTO `Tag` (`ID`, `CreatedAt`, `UpdatedAt`, `DeletedAt`, `Name`) VALUES (24, '2020-01-14 13:47:28', '2020-01-14 13:47:28', NULL, 'sdasdf');
INSERT INTO `Tag` (`ID`, `CreatedAt`, `UpdatedAt`, `DeletedAt`, `Name`) VALUES (25, '2020-01-14 13:49:33', '2020-01-14 13:49:33', NULL, 'ss');
INSERT INTO `Tag` (`ID`, `CreatedAt`, `UpdatedAt`, `DeletedAt`, `Name`) VALUES (26, '2020-01-14 13:57:42', '2020-01-14 13:57:42', NULL, 'dsdfgdfg');
INSERT INTO `Tag` (`ID`, `CreatedAt`, `UpdatedAt`, `DeletedAt`, `Name`) VALUES (27, '2020-01-14 13:58:23', '2020-01-14 13:58:23', NULL, 'dfsdfg');
INSERT INTO `Tag` (`ID`, `CreatedAt`, `UpdatedAt`, `DeletedAt`, `Name`) VALUES (28, '2020-01-14 13:58:34', '2020-01-14 13:58:34', NULL, 'dfsdgf');
INSERT INTO `Tag` (`ID`, `CreatedAt`, `UpdatedAt`, `DeletedAt`, `Name`) VALUES (29, '2020-01-14 13:58:45', '2020-01-14 13:58:45', NULL, 'dfgdfgh');
INSERT INTO `Tag` (`ID`, `CreatedAt`, `UpdatedAt`, `DeletedAt`, `Name`) VALUES (30, '2020-01-14 14:00:09', '2020-01-14 14:00:09', NULL, 'dfg');
INSERT INTO `Tag` (`ID`, `CreatedAt`, `UpdatedAt`, `DeletedAt`, `Name`) VALUES (31, '2020-01-14 14:01:09', '2020-01-14 14:01:09', NULL, 'sdfsdf');
INSERT INTO `Tag` (`ID`, `CreatedAt`, `UpdatedAt`, `DeletedAt`, `Name`) VALUES (32, '2020-01-14 14:08:40', '2020-01-14 14:08:40', NULL, 'gyhjfghjgh');
INSERT INTO `Tag` (`ID`, `CreatedAt`, `UpdatedAt`, `DeletedAt`, `Name`) VALUES (33, '2020-01-14 18:12:29', '2020-01-14 18:12:29', NULL, 'dzfgdsfgg');
INSERT INTO `Tag` (`ID`, `CreatedAt`, `UpdatedAt`, `DeletedAt`, `Name`) VALUES (34, '2020-01-14 18:47:30', '2020-01-14 18:47:36', NULL, '士大夫敢死队111');

INSERT INTO `Content` (`ID`, `CreatedAt`, `UpdatedAt`, `DeletedAt`, `Title`, `Body`, `HTML`, `Hits`, `Online`, `CategoryID`, `CoverPC`, `CoverWAP`, `Origin`) VALUES (1, '2020-01-15 18:11:07', '2020-01-15 18:16:06', NULL, 'sadfdsf', '## Guide

这是一篇讲解如何正确使用 **Markdown** 的排版示例，学会这个很有必要，能让你的文章有更佳清晰的排版。

> 引用文本：Markdown is a text formatting syntax inspired

## 语法指导

### 普通内容

这段内容展示了在内容里面一些排版格式，比如：

- **加粗** - `**加粗**`
- *倾斜* - `*倾斜*`
- ~~删除线~~ - `~~删除线~~`
- `Code 标记` - `` `Code 标记` ``
- [超级链接](https://hacpai.com) - `[超级链接](https://hacpai.com)`
- [username@gmail.com](mailto:username@gmail.com) - `[username@gmail.com](mailto:username@gmail.com)`

### 提及用户

@Vanessa 通过 `@User` 可以在内容中提及用户，被提及的用户将会收到系统通知。

> NOTE:
>
> 1. @用户名之后需要有一个空格
> 2. 新手没有艾特的功能权限

### 表情符号 Emoji

支持大部分标准的表情符号，可使用输入法直接输入，也可手动输入字符格式。通过输入 `:` 触发自动完成，可在个人设置中[设置常用表情](https://hacpai.com/settings/function)。

#### 一些表情例子

:smile: :laughing: :dizzy_face: :sob: :cold_sweat: :sweat_smile:  :cry: :triumph: :heart_eyes: :relieved:
:+1: :-1: :100: :clap: :bell: :gift: :question: :bomb: :heart: :coffee: :cyclone: :bow: :kiss: :pray: :anger:

### 大标题 - Heading 3

你可以选择使用 H1 至 H6，使用 ##(N) 打头。建议帖子或回帖中的顶级标题使用 Heading 3，不要使用 1 或 2，因为 1 是系统站点级，2 是帖子标题级。

> NOTE: 别忘了 # 后面需要有空格！

#### Heading 4

##### Heading 5

###### Heading 6

### 图片

```
![alt 文本](http://image-path.png)
![alt 文本](http://image-path.png "图片 Title 值")
```

支持复制粘贴直接上传。

### 代码块

#### 普通

```
*emphasize*    **strong**
_emphasize_    __strong__
var a = 1
```

#### 语法高亮支持

如果在 ``` 后面跟随语言名称，可以有语法高亮的效果哦，比如:

##### 演示 Go 代码高亮

```go
package main

import "fmt"

func main() {
	fmt.Println("Hello, 世界")
}
```

##### 演示 Java 高亮

```java
public class HelloWorld {

    public static void main(String[] args) {
        System.out.println("Hello World!");
    }

}
```

> Tip: 语言名称支持下面这些: `ruby`, `python`, `js`, `html`, `erb`, `css`, `coffee`, `bash`, `json`, `yml`, `xml` ...

### 有序、无序、任务列表

#### 无序列表

- Java
  - Spring
    - IoC
    - AOP
- Go
  - gofmt
  - Wide
- Node.js
  - Koa
  - Express

#### 有序列表

1. Node.js
   1.1. Express
   1.2. Koa
   1.3. Sails
2. Go
   2.1. gofmt
   2.2. Wide
3. Java
   3.1. Latke
   3.2. IDEA

#### 任务列表

- [x] 发布 Sym
- [X] 发布 Solo
- [ ] 预约牙医

### 表格

如果需要展示数据什么的，可以选择使用表格。

| header 1 | header 3 |
| -------- | -------- |
| cell 1   | cell 2   |
| cell 3   | cell 4   |
| cell 5   | cell 6   |

### 隐藏细节

<details>
<summary>这里是摘要部分。</summary>
这里是细节部分。
</details>

### 段落

空行可以将内容进行分段，便于阅读。（这是第一段）

使用空行在 Markdown 排版中相当重要。（这是第二段）

### 数学公式

多行公式块：

$$
\frac{1}{
  \Bigl(\sqrt{\phi \sqrt{5}}-\phi\Bigr) e^{
  \frac25 \pi}} = 1+\frac{e^{-2\pi}} {1+\frac{e^{-4\pi}} {
    1+\frac{e^{-6\pi}}
    {1+\frac{e^{-8\pi}}{1+\cdots}}
  }
}
$$

行内公式：

公式 $a^2 + b^2 = \color{red}c^2$ 是行内。

### 流程图

```mermaid
graph TB
    c1-->a2
    subgraph one
    a1-->a2
    end
    subgraph two
    b1-->b2
    end
    subgraph three
    c1-->c2
    end
```

### 时序图

```mermaid
sequenceDiagram
    Alice->>John: Hello John, how are you?
    loop Every minute
        John-->>Alice: Great!
    end
```

### 甘特图

```mermaid
gantt
    title A Gantt Diagram
    dateFormat  YYYY-MM-DD
    section Section
    A task           :a1, 2019-01-01, 30d
    Another task     :after a1  , 20d
    section Another
    Task in sec      :2019-01-12  , 12d
    another task      : 24d
```

### 图表

```echarts
{
  "title": { "text": "最近 30 天" },
  "tooltip": { "trigger": "axis", "axisPointer": { "lineStyle": { "width": 0 } } },
  "legend": { "data": ["帖子", "用户", "回帖"] },
  "xAxis": [{
      "type": "category",
      "boundaryGap": false,
      "data": ["2019-05-08","2019-05-09","2019-05-10","2019-05-11","2019-05-12","2019-05-13","2019-05-14","2019-05-15","2019-05-16","2019-05-17","2019-05-18","2019-05-19","2019-05-20","2019-05-21","2019-05-22","2019-05-23","2019-05-24","2019-05-25","2019-05-26","2019-05-27","2019-05-28","2019-05-29","2019-05-30","2019-05-31","2019-06-01","2019-06-02","2019-06-03","2019-06-04","2019-06-05","2019-06-06","2019-06-07"],
      "axisTick": { "show": false },
      "axisLine": { "show": false }
  }],
  "yAxis": [{ "type": "value", "axisTick": { "show": false }, "axisLine": { "show": false }, "splitLine": { "lineStyle": { "color": "rgba(0, 0, 0, .38)", "type": "dashed" } } }],
  "series": [
    {
      "name": "帖子", "type": "line", "smooth": true, "itemStyle": { "color": "#d23f31" }, "areaStyle": { "normal": {} }, "z": 3,
      "data": ["18","14","22","9","7","18","10","12","13","16","6","9","15","15","12","15","8","14","9","10","29","22","14","22","9","10","15","9","9","15","0"]
    },
    {
      "name": "用户", "type": "line", "smooth": true, "itemStyle": { "color": "#f1e05a" }, "areaStyle": { "normal": {} }, "z": 2,
      "data": ["31","33","30","23","16","29","23","37","41","29","16","13","39","23","38","136","89","35","22","50","57","47","36","59","14","23","46","44","51","43","0"]
    },
    {
      "name": "回帖", "type": "line", "smooth": true, "itemStyle": { "color": "#4285f4" }, "areaStyle": { "normal": {} }, "z": 1,
      "data": ["35","42","73","15","43","58","55","35","46","87","36","15","44","76","130","73","50","20","21","54","48","73","60","89","26","27","70","63","55","37","0"]
    }
  ]
}
```

### 五线谱

```abc
X: 24
T: Clouds Thicken
C: Paul Rosen
S: Copyright 2005, Paul Rosen
M: 6/8
L: 1/8
Q: 3/8=116
R: Creepy Jig
K: Em
|:"Em"EEE E2G|"C7"_B2A G2F|"Em"EEE E2G|\
"C7"_B2A "B7"=B3|"Em"EEE E2G|
"C7"_B2A G2F|"Em"GFE "D (Bm7)"F2D|\
1"Em"E3-E3:|2"Em"E3-E2B|:"Em"e2e gfe|
"G"g2ab3|"Em"gfeg2e|"D"fedB2A|"Em"e2e gfe|\
"G"g2ab3|"Em"gfe"D"f2d|"Em"e3-e3:|
```

### 多媒体

支持 v.qq.com，youtube.com，youku.com，coub.com，facebook.com/video，dailymotion.com，.mp4，.m4v，.ogg，.ogv，.webm，.mp3，.wav 链接解析

https://v.qq.com/x/cover/zf2z0xpqcculhcz/y0016tj0qvh.html

## 快捷键

我们的编辑器支持很多快捷键，具体请参考 [键盘快捷键](https://hacpai.com/article/1474030007391)（或者按 "`?` ":smirk_cat:）
', '<h2>Guide</h2>
<p>这是一篇讲解如何正确使用 <strong>Markdown</strong> 的排版示例，学会这个很有必要，能让你的文章有更佳清晰的排版。</p>
<blockquote>
<p>引用文本：Markdown is a text formatting syntax inspired</p>
</blockquote>
<h2>语法指导</h2>
<h3>普通内容</h3>
<p>这段内容展示了在内容里面一些排版格式，比如：</p>
<ul>
<li><strong>加粗</strong> - <code>**加粗**</code></li>
<li><em>倾斜</em> - <code>*倾斜*</code></li>
<li><del>删除线</del> - <code>~~删除线~~</code></li>
<li><code>Code 标记</code> - <code>`Code 标记`</code></li>
<li><a href="https://hacpai.com">超级链接</a> - <code>[超级链接](https://hacpai.com)</code></li>
<li><a href="mailto:username@gmail.com">username@gmail.com</a> - <code>[username@gmail.com](mailto:username@gmail.com)</code></li>
</ul>
<h3>提及用户</h3>
<p>@Vanessa 通过 <code>@User</code> 可以在内容中提及用户，被提及的用户将会收到系统通知。</p>
<blockquote>
<p>NOTE:</p>
<ol>
<li>@用户名之后需要有一个空格</li>
<li>新手没有艾特的功能权限</li>
</ol>
</blockquote>
<h3>表情符号 Emoji</h3>
<p>支持大部分标准的表情符号，可使用输入法直接输入，也可手动输入字符格式。通过输入 <code>:</code> 触发自动完成，可在个人设置中<a href="https://hacpai.com/settings/function">设置常用表情</a>。</p>
<h4>一些表情例子</h4>
<p>😄 😆 😵 😭 😰 😅  😢 😤 😍 😌<br />
👍 👎 💯 👏 🔔 🎁 ❓ 💣 ❤️ ☕️ 🌀 🙇 💋 🙏 💢</p>
<h3>大标题 - Heading 3</h3>
<p>你可以选择使用 H1 至 H6，使用 ##(N) 打头。建议帖子或回帖中的顶级标题使用 Heading 3，不要使用 1 或 2，因为 1 是系统站点级，2 是帖子标题级。</p>
<blockquote>
<p>NOTE: 别忘了 # 后面需要有空格！</p>
</blockquote>
<h4>Heading 4</h4>
<h5>Heading 5</h5>
<h6>Heading 6</h6>
<h3>图片</h3>
<pre><code>![alt 文本](http://image-path.png)
![alt 文本](http://image-path.png &quot;图片 Title 值&quot;)
</code></pre>
<p>支持复制粘贴直接上传。</p>
<h3>代码块</h3>
<h4>普通</h4>
<pre><code>*emphasize*    **strong**
_emphasize_    __strong__
var a = 1
</code></pre>
<h4>语法高亮支持</h4>
<p>如果在 ``` 后面跟随语言名称，可以有语法高亮的效果哦，比如：</p>
<h5>演示 Go 代码高亮</h5>
<pre><code class="language-go">package main

import &quot;fmt&quot;

func main() {
	fmt.Println(&quot;Hello, 世界&quot;)
}
</code></pre>
<h5>演示 Java 高亮</h5>
<pre><code class="language-java">public class HelloWorld {

    public static void main(String[] args) {
        System.out.println(&quot;Hello World!&quot;);
    }

}
</code></pre>
<blockquote>
<p>Tip: 语言名称支持下面这些： <code>ruby</code>, <code>python</code>, <code>js</code>, <code>html</code>, <code>erb</code>, <code>css</code>, <code>coffee</code>, <code>bash</code>, <code>json</code>, <code>yml</code>, <code>xml</code> ...</p>
</blockquote>
<h3>有序、无序、任务列表</h3>
<h4>无序列表</h4>
<ul>
<li>Java
<ul>
<li>Spring
<ul>
<li>IoC</li>
<li>AOP</li>
</ul>
</li>
</ul>
</li>
<li>Go
<ul>
<li>gofmt</li>
<li>Wide</li>
</ul>
</li>
<li>Node.js
<ul>
<li>Koa</li>
<li>Express</li>
</ul>
</li>
</ul>
<h4>有序列表</h4>
<ol>
<li>Node.js<br />
1.1. Express<br />
1.2. Koa<br />
1.3. Sails</li>
<li>Go<br />
2.1. gofmt<br />
2.2. Wide</li>
<li>Java<br />
3.1. Latke<br />
3.2. IDEA</li>
</ol>
<h4>任务列表</h4>
<ul>
<li class="vditor-task"><input checked="" disabled="" type="checkbox" /> 发布 Sym</li>
<li class="vditor-task"><input checked="" disabled="" type="checkbox" /> 发布 Solo</li>
<li class="vditor-task"><input disabled="" type="checkbox" /> 预约牙医</li>
</ul>
<h3>表格</h3>
<p>如果需要展示数据什么的，可以选择使用表格。</p>
<table>
<thead>
<tr>
<th>header 1</th>
<th>header 3</th>
</tr>
</thead>
<tbody>
<tr>
<td>cell 1</td>
<td>cell 2</td>
</tr>
<tr>
<td>cell 3</td>
<td>cell 4</td>
</tr>
<tr>
<td>cell 5</td>
<td>cell 6</td>
</tr>
</tbody>
</table>
<h3>隐藏细节</h3>
<details>
<summary>这里是摘要部分。</summary>
这里是细节部分。
</details>
<h3>段落</h3>
<p>空行可以将内容进行分段，便于阅读。（这是第一段）</p>
<p>使用空行在 Markdown 排版中相当重要。（这是第二段）</p>
<h3>数学公式</h3>
<p>多行公式块：</p>
<div class="vditor-math">\frac{1}{
  \Bigl(\sqrt{\phi \sqrt{5}}-\phi\Bigr) e^{
  \frac25 \pi}} = 1+\frac{e^{-2\pi}} {1+\frac{e^{-4\pi}} {
    1+\frac{e^{-6\pi}}
    {1+\frac{e^{-8\pi}}{1+\cdots}}
  }
}</div>
<p>行内公式：</p>
<p>公式 <span class="vditor-math">a^2 + b^2 = \color{red}c^2</span> 是行内。</p>
<h3>流程图</h3>
<pre><code class="language-mermaid">graph TB
    c1--&gt;a2
    subgraph one
    a1--&gt;a2
    end
    subgraph two
    b1--&gt;b2
    end
    subgraph three
    c1--&gt;c2
    end
</code></pre>
<h3>时序图</h3>
<pre><code class="language-mermaid">sequenceDiagram
    Alice-&gt;&gt;John: Hello John, how are you?
    loop Every minute
        John--&gt;&gt;Alice: Great!
    end
</code></pre>
<h3>甘特图</h3>
<pre><code class="language-mermaid">gantt
    title A Gantt Diagram
    dateFormat  YYYY-MM-DD
    section Section
    A task           :a1, 2019-01-01, 30d
    Another task     :after a1  , 20d
    section Another
    Task in sec      :2019-01-12  , 12d
    another task      : 24d
</code></pre>
<h3>图表</h3>
<pre><code class="language-echarts">{
  &quot;title&quot;: { &quot;text&quot;: &quot;最近 30 天&quot; },
  &quot;tooltip&quot;: { &quot;trigger&quot;: &quot;axis&quot;, &quot;axisPointer&quot;: { &quot;lineStyle&quot;: { &quot;width&quot;: 0 } } },
  &quot;legend&quot;: { &quot;data&quot;: [&quot;帖子&quot;, &quot;用户&quot;, &quot;回帖&quot;] },
  &quot;xAxis&quot;: [{
      &quot;type&quot;: &quot;category&quot;,
      &quot;boundaryGap&quot;: false,
      &quot;data&quot;: [&quot;2019-05-08&quot;,&quot;2019-05-09&quot;,&quot;2019-05-10&quot;,&quot;2019-05-11&quot;,&quot;2019-05-12&quot;,&quot;2019-05-13&quot;,&quot;2019-05-14&quot;,&quot;2019-05-15&quot;,&quot;2019-05-16&quot;,&quot;2019-05-17&quot;,&quot;2019-05-18&quot;,&quot;2019-05-19&quot;,&quot;2019-05-20&quot;,&quot;2019-05-21&quot;,&quot;2019-05-22&quot;,&quot;2019-05-23&quot;,&quot;2019-05-24&quot;,&quot;2019-05-25&quot;,&quot;2019-05-26&quot;,&quot;2019-05-27&quot;,&quot;2019-05-28&quot;,&quot;2019-05-29&quot;,&quot;2019-05-30&quot;,&quot;2019-05-31&quot;,&quot;2019-06-01&quot;,&quot;2019-06-02&quot;,&quot;2019-06-03&quot;,&quot;2019-06-04&quot;,&quot;2019-06-05&quot;,&quot;2019-06-06&quot;,&quot;2019-06-07&quot;],
      &quot;axisTick&quot;: { &quot;show&quot;: false },
      &quot;axisLine&quot;: { &quot;show&quot;: false }
  }],
  &quot;yAxis&quot;: [{ &quot;type&quot;: &quot;value&quot;, &quot;axisTick&quot;: { &quot;show&quot;: false }, &quot;axisLine&quot;: { &quot;show&quot;: false }, &quot;splitLine&quot;: { &quot;lineStyle&quot;: { &quot;color&quot;: &quot;rgba(0, 0, 0, .38)&quot;, &quot;type&quot;: &quot;dashed&quot; } } }],
  &quot;series&quot;: [
    {
      &quot;name&quot;: &quot;帖子&quot;, &quot;type&quot;: &quot;line&quot;, &quot;smooth&quot;: true, &quot;itemStyle&quot;: { &quot;color&quot;: &quot;#d23f31&quot; }, &quot;areaStyle&quot;: { &quot;normal&quot;: {} }, &quot;z&quot;: 3,
      &quot;data&quot;: [&quot;18&quot;,&quot;14&quot;,&quot;22&quot;,&quot;9&quot;,&quot;7&quot;,&quot;18&quot;,&quot;10&quot;,&quot;12&quot;,&quot;13&quot;,&quot;16&quot;,&quot;6&quot;,&quot;9&quot;,&quot;15&quot;,&quot;15&quot;,&quot;12&quot;,&quot;15&quot;,&quot;8&quot;,&quot;14&quot;,&quot;9&quot;,&quot;10&quot;,&quot;29&quot;,&quot;22&quot;,&quot;14&quot;,&quot;22&quot;,&quot;9&quot;,&quot;10&quot;,&quot;15&quot;,&quot;9&quot;,&quot;9&quot;,&quot;15&quot;,&quot;0&quot;]
    },
    {
      &quot;name&quot;: &quot;用户&quot;, &quot;type&quot;: &quot;line&quot;, &quot;smooth&quot;: true, &quot;itemStyle&quot;: { &quot;color&quot;: &quot;#f1e05a&quot; }, &quot;areaStyle&quot;: { &quot;normal&quot;: {} }, &quot;z&quot;: 2,
      &quot;data&quot;: [&quot;31&quot;,&quot;33&quot;,&quot;30&quot;,&quot;23&quot;,&quot;16&quot;,&quot;29&quot;,&quot;23&quot;,&quot;37&quot;,&quot;41&quot;,&quot;29&quot;,&quot;16&quot;,&quot;13&quot;,&quot;39&quot;,&quot;23&quot;,&quot;38&quot;,&quot;136&quot;,&quot;89&quot;,&quot;35&quot;,&quot;22&quot;,&quot;50&quot;,&quot;57&quot;,&quot;47&quot;,&quot;36&quot;,&quot;59&quot;,&quot;14&quot;,&quot;23&quot;,&quot;46&quot;,&quot;44&quot;,&quot;51&quot;,&quot;43&quot;,&quot;0&quot;]
    },
    {
      &quot;name&quot;: &quot;回帖&quot;, &quot;type&quot;: &quot;line&quot;, &quot;smooth&quot;: true, &quot;itemStyle&quot;: { &quot;color&quot;: &quot;#4285f4&quot; }, &quot;areaStyle&quot;: { &quot;normal&quot;: {} }, &quot;z&quot;: 1,
      &quot;data&quot;: [&quot;35&quot;,&quot;42&quot;,&quot;73&quot;,&quot;15&quot;,&quot;43&quot;,&quot;58&quot;,&quot;55&quot;,&quot;35&quot;,&quot;46&quot;,&quot;87&quot;,&quot;36&quot;,&quot;15&quot;,&quot;44&quot;,&quot;76&quot;,&quot;130&quot;,&quot;73&quot;,&quot;50&quot;,&quot;20&quot;,&quot;21&quot;,&quot;54&quot;,&quot;48&quot;,&quot;73&quot;,&quot;60&quot;,&quot;89&quot;,&quot;26&quot;,&quot;27&quot;,&quot;70&quot;,&quot;63&quot;,&quot;55&quot;,&quot;37&quot;,&quot;0&quot;]
    }
  ]
}
</code></pre>
<h3>五线谱</h3>
<pre><code class="language-abc">X: 24
T: Clouds Thicken
C: Paul Rosen
S: Copyright 2005, Paul Rosen
M: 6/8
L: 1/8
Q: 3/8=116
R: Creepy Jig
K: Em
|:&quot;Em&quot;EEE E2G|&quot;C7&quot;_B2A G2F|&quot;Em&quot;EEE E2G|\
&quot;C7&quot;_B2A &quot;B7&quot;=B3|&quot;Em&quot;EEE E2G|
&quot;C7&quot;_B2A G2F|&quot;Em&quot;GFE &quot;D (Bm7)&quot;F2D|\
1&quot;Em&quot;E3-E3:|2&quot;Em&quot;E3-E2B|:&quot;Em&quot;e2e gfe|
&quot;G&quot;g2ab3|&quot;Em&quot;gfeg2e|&quot;D&quot;fedB2A|&quot;Em&quot;e2e gfe|\
&quot;G&quot;g2ab3|&quot;Em&quot;gfe&quot;D&quot;f2d|&quot;Em&quot;e3-e3:|
</code></pre>
<h3>多媒体</h3>
<p>支持 v.qq.com，youtube.com，youku.com，coub.com，facebook.com/video，dailymotion.com，.mp4，.m4v，.ogg，.ogv，.webm，.mp3，.wav 链接解析</p>
<p><a href="https://v.qq.com/x/cover/zf2z0xpqcculhcz/y0016tj0qvh.html">https://v.qq.com/x/cover/zf2z0xpqcculhcz/y0016tj0qvh.html</a></p>
<h2>快捷键</h2>
<p>我们的编辑器支持很多快捷键，具体请参考 <a href="https://hacpai.com/article/1474030007391">键盘快捷键</a>（或者按 &quot;<code>?</code> &quot;😼）</p>
', 0, 2, 0, '', '', '');

INSERT INTO `ContentTag` (`ID`, `ContentID`, `TagID`) VALUES (2, 1, 12);
