/*Generated by xorm v0.7.0.0504 2019-10-25 17:47:41, from sqlite3 to SQLITE3*/

INSERT INTO `Node` (`ID`, `CreatedAt`, `UpdatedAt`, `DeletedAt`, `Pid`, `Name`, `URL`, `Methods`, `IsMenu`, `SortID`) VALUES (1, '2019-08-31 19:47:10', '2019-08-31 19:47:10', NULL, 0, '我的桌面', '/backend/home', 'GET', 1, 1991);
INSERT INTO `Node` (`ID`, `CreatedAt`, `UpdatedAt`, `DeletedAt`, `Pid`, `Name`, `URL`, `Methods`, `IsMenu`, `SortID`) VALUES (2, '2019-08-31 19:47:45', '2019-08-31 19:47:45', NULL, 1, '修改密码', '/backend/home/user/forget', 'GET,POST', 0, 1991);
INSERT INTO `Node` (`ID`, `CreatedAt`, `UpdatedAt`, `DeletedAt`, `Pid`, `Name`, `URL`, `Methods`, `IsMenu`, `SortID`) VALUES (3, '2019-08-31 19:48:10', '2019-08-31 19:48:17', NULL, 0, '文章管理', 'javascript:;', 'GET', 1, 1991);
INSERT INTO `Node` (`ID`, `CreatedAt`, `UpdatedAt`, `DeletedAt`, `Pid`, `Name`, `URL`, `Methods`, `IsMenu`, `SortID`) VALUES (4, '2019-08-31 19:48:47', '2019-09-01 22:14:03', NULL, 3, '分类', '/backend/article/category', 'GET', 1, 1991);
INSERT INTO `Node` (`ID`, `CreatedAt`, `UpdatedAt`, `DeletedAt`, `Pid`, `Name`, `URL`, `Methods`, `IsMenu`, `SortID`) VALUES (5, '2019-08-31 19:48:47', '2019-09-01 22:14:08', NULL, 4, '新增', '/backend/article/category/create/:pid', 'GET', 2, 6);
INSERT INTO `Node` (`ID`, `CreatedAt`, `UpdatedAt`, `DeletedAt`, `Pid`, `Name`, `URL`, `Methods`, `IsMenu`, `SortID`) VALUES (6, '2019-08-31 19:48:47', '2019-08-31 19:48:47', NULL, 4, '保存', '/backend/article/category', 'POST', 2, 5);
INSERT INTO `Node` (`ID`, `CreatedAt`, `UpdatedAt`, `DeletedAt`, `Pid`, `Name`, `URL`, `Methods`, `IsMenu`, `SortID`) VALUES (7, '2019-08-31 19:48:47', '2019-08-31 19:48:47', NULL, 4, '编辑', '/backend/article/category/edit/:id', 'GET', 2, 4);
INSERT INTO `Node` (`ID`, `CreatedAt`, `UpdatedAt`, `DeletedAt`, `Pid`, `Name`, `URL`, `Methods`, `IsMenu`, `SortID`) VALUES (8, '2019-08-31 19:48:47', '2019-08-31 20:30:09', NULL, 4, '更新', '/backend/article/category/update/:id', 'PUT', 2, 3);
INSERT INTO `Node` (`ID`, `CreatedAt`, `UpdatedAt`, `DeletedAt`, `Pid`, `Name`, `URL`, `Methods`, `IsMenu`, `SortID`) VALUES (9, '2019-08-31 19:48:47', '2019-08-31 19:48:47', NULL, 4, '删除', '/backend/article/category/delete/:id', 'DELETE', 2, 2);
INSERT INTO `Node` (`ID`, `CreatedAt`, `UpdatedAt`, `DeletedAt`, `Pid`, `Name`, `URL`, `Methods`, `IsMenu`, `SortID`) VALUES (10, '2019-08-31 19:48:47', '2019-08-31 21:00:17', NULL, 4, '查看', '/backend/article/category/show/:id', 'GET', 2, 1);
INSERT INTO `Node` (`ID`, `CreatedAt`, `UpdatedAt`, `DeletedAt`, `Pid`, `Name`, `URL`, `Methods`, `IsMenu`, `SortID`) VALUES (11, '2019-08-31 19:49:10', '2019-08-31 19:49:10', NULL, 3, '标签', '/backend/article/tag', 'GET', 1, 1991);
INSERT INTO `Node` (`ID`, `CreatedAt`, `UpdatedAt`, `DeletedAt`, `Pid`, `Name`, `URL`, `Methods`, `IsMenu`, `SortID`) VALUES (12, '2019-08-31 19:49:10', '2019-08-31 19:49:10', NULL, 11, '新增', '/backend/article/tag/create', 'GET', 2, 6);
INSERT INTO `Node` (`ID`, `CreatedAt`, `UpdatedAt`, `DeletedAt`, `Pid`, `Name`, `URL`, `Methods`, `IsMenu`, `SortID`) VALUES (13, '2019-08-31 19:49:10', '2019-08-31 19:49:10', NULL, 11, '保存', '/backend/article/tag', 'POST', 2, 5);
INSERT INTO `Node` (`ID`, `CreatedAt`, `UpdatedAt`, `DeletedAt`, `Pid`, `Name`, `URL`, `Methods`, `IsMenu`, `SortID`) VALUES (14, '2019-08-31 19:49:10', '2019-08-31 19:49:10', NULL, 11, '编辑', '/backend/article/tag/edit/:id', 'GET', 2, 4);
INSERT INTO `Node` (`ID`, `CreatedAt`, `UpdatedAt`, `DeletedAt`, `Pid`, `Name`, `URL`, `Methods`, `IsMenu`, `SortID`) VALUES (15, '2019-08-31 19:49:10', '2019-08-31 20:30:22', NULL, 11, '更新', '/backend/article/tag/update/:id', 'PUT', 2, 3);
INSERT INTO `Node` (`ID`, `CreatedAt`, `UpdatedAt`, `DeletedAt`, `Pid`, `Name`, `URL`, `Methods`, `IsMenu`, `SortID`) VALUES (16, '2019-08-31 19:49:10', '2019-08-31 19:49:10', NULL, 11, '删除', '/backend/article/tag/delete/:id', 'DELETE', 2, 2);
INSERT INTO `Node` (`ID`, `CreatedAt`, `UpdatedAt`, `DeletedAt`, `Pid`, `Name`, `URL`, `Methods`, `IsMenu`, `SortID`) VALUES (17, '2019-08-31 19:49:10', '2019-08-31 21:00:11', NULL, 11, '查看', '/backend/article/tag/show/:id', 'GET', 2, 1);
INSERT INTO `Node` (`ID`, `CreatedAt`, `UpdatedAt`, `DeletedAt`, `Pid`, `Name`, `URL`, `Methods`, `IsMenu`, `SortID`) VALUES (18, '2019-08-31 19:49:48', '2019-08-31 19:49:48', NULL, 0, '权限管理', 'javascript:;', 'GET', 1, 1991);
INSERT INTO `Node` (`ID`, `CreatedAt`, `UpdatedAt`, `DeletedAt`, `Pid`, `Name`, `URL`, `Methods`, `IsMenu`, `SortID`) VALUES (19, '2019-08-31 19:50:12', '2019-08-31 19:50:12', NULL, 18, '用户', '/backend/rbac/user', 'GET', 1, 1991);
INSERT INTO `Node` (`ID`, `CreatedAt`, `UpdatedAt`, `DeletedAt`, `Pid`, `Name`, `URL`, `Methods`, `IsMenu`, `SortID`) VALUES (20, '2019-08-31 19:50:12', '2019-08-31 19:50:12', NULL, 19, '新增', '/backend/rbac/user/create', 'GET', 2, 6);
INSERT INTO `Node` (`ID`, `CreatedAt`, `UpdatedAt`, `DeletedAt`, `Pid`, `Name`, `URL`, `Methods`, `IsMenu`, `SortID`) VALUES (21, '2019-08-31 19:50:12', '2019-08-31 19:50:12', NULL, 19, '保存', '/backend/rbac/user', 'POST', 2, 5);
INSERT INTO `Node` (`ID`, `CreatedAt`, `UpdatedAt`, `DeletedAt`, `Pid`, `Name`, `URL`, `Methods`, `IsMenu`, `SortID`) VALUES (22, '2019-08-31 19:50:12', '2019-08-31 19:50:12', NULL, 19, '编辑', '/backend/rbac/user/edit/:id', 'GET', 2, 4);
INSERT INTO `Node` (`ID`, `CreatedAt`, `UpdatedAt`, `DeletedAt`, `Pid`, `Name`, `URL`, `Methods`, `IsMenu`, `SortID`) VALUES (23, '2019-08-31 19:50:12', '2019-08-31 20:30:34', NULL, 19, '更新', '/backend/rbac/user/update/:id', 'PUT', 2, 3);
INSERT INTO `Node` (`ID`, `CreatedAt`, `UpdatedAt`, `DeletedAt`, `Pid`, `Name`, `URL`, `Methods`, `IsMenu`, `SortID`) VALUES (24, '2019-08-31 19:50:12', '2019-08-31 19:50:12', NULL, 19, '删除', '/backend/rbac/user/delete/:id', 'DELETE', 2, 2);
INSERT INTO `Node` (`ID`, `CreatedAt`, `UpdatedAt`, `DeletedAt`, `Pid`, `Name`, `URL`, `Methods`, `IsMenu`, `SortID`) VALUES (25, '2019-08-31 19:50:12', '2019-08-31 21:00:00', NULL, 19, '查看', '/backend/rbac/user/show/:id', 'GET', 2, 1);
INSERT INTO `Node` (`ID`, `CreatedAt`, `UpdatedAt`, `DeletedAt`, `Pid`, `Name`, `URL`, `Methods`, `IsMenu`, `SortID`) VALUES (26, '2019-08-31 19:50:41', '2019-08-31 20:56:02', NULL, 19, '设置角色', '/backend/rbac/user/role/:id', 'GET,POST', 2, 1991);
INSERT INTO `Node` (`ID`, `CreatedAt`, `UpdatedAt`, `DeletedAt`, `Pid`, `Name`, `URL`, `Methods`, `IsMenu`, `SortID`) VALUES (27, '2019-08-31 19:51:09', '2019-08-31 19:51:09', NULL, 18, '角色', '/backend/rbac/role', 'GET', 1, 1991);
INSERT INTO `Node` (`ID`, `CreatedAt`, `UpdatedAt`, `DeletedAt`, `Pid`, `Name`, `URL`, `Methods`, `IsMenu`, `SortID`) VALUES (28, '2019-08-31 19:51:09', '2019-08-31 19:54:35', NULL, 27, '新增', '/backend/rbac/role/create/:pid', 'GET', 2, 6);
INSERT INTO `Node` (`ID`, `CreatedAt`, `UpdatedAt`, `DeletedAt`, `Pid`, `Name`, `URL`, `Methods`, `IsMenu`, `SortID`) VALUES (29, '2019-08-31 19:51:09', '2019-08-31 19:51:09', NULL, 27, '保存', '/backend/rbac/role', 'POST', 2, 5);
INSERT INTO `Node` (`ID`, `CreatedAt`, `UpdatedAt`, `DeletedAt`, `Pid`, `Name`, `URL`, `Methods`, `IsMenu`, `SortID`) VALUES (30, '2019-08-31 19:51:09', '2019-08-31 19:51:09', NULL, 27, '编辑', '/backend/rbac/role/edit/:id', 'GET', 2, 4);
INSERT INTO `Node` (`ID`, `CreatedAt`, `UpdatedAt`, `DeletedAt`, `Pid`, `Name`, `URL`, `Methods`, `IsMenu`, `SortID`) VALUES (31, '2019-08-31 19:51:09', '2019-08-31 20:30:46', NULL, 27, '更新', '/backend/rbac/role/update/:id', 'PUT', 2, 3);
INSERT INTO `Node` (`ID`, `CreatedAt`, `UpdatedAt`, `DeletedAt`, `Pid`, `Name`, `URL`, `Methods`, `IsMenu`, `SortID`) VALUES (32, '2019-08-31 19:51:09', '2019-08-31 19:51:09', NULL, 27, '删除', '/backend/rbac/role/delete/:id', 'DELETE', 2, 2);
INSERT INTO `Node` (`ID`, `CreatedAt`, `UpdatedAt`, `DeletedAt`, `Pid`, `Name`, `URL`, `Methods`, `IsMenu`, `SortID`) VALUES (33, '2019-08-31 19:51:09', '2019-08-31 20:59:53', NULL, 27, '查看', '/backend/rbac/role/show/:id', 'GET', 2, 1);
INSERT INTO `Node` (`ID`, `CreatedAt`, `UpdatedAt`, `DeletedAt`, `Pid`, `Name`, `URL`, `Methods`, `IsMenu`, `SortID`) VALUES (34, '2019-08-31 19:51:25', '2019-08-31 20:55:51', NULL, 27, '设置节点', '/backend/rbac/role/node/:id', 'GET,POST', 2, 1991);
INSERT INTO `Node` (`ID`, `CreatedAt`, `UpdatedAt`, `DeletedAt`, `Pid`, `Name`, `URL`, `Methods`, `IsMenu`, `SortID`) VALUES (35, '2019-08-31 19:52:14', '2019-08-31 19:52:14', NULL, 18, '节点', '/backend/rbac/node', 'GET', 1, 1991);
INSERT INTO `Node` (`ID`, `CreatedAt`, `UpdatedAt`, `DeletedAt`, `Pid`, `Name`, `URL`, `Methods`, `IsMenu`, `SortID`) VALUES (36, '2019-08-31 19:52:14', '2019-08-31 19:54:09', NULL, 35, '新增', '/backend/rbac/node/create/:pid', 'GET', 2, 6);
INSERT INTO `Node` (`ID`, `CreatedAt`, `UpdatedAt`, `DeletedAt`, `Pid`, `Name`, `URL`, `Methods`, `IsMenu`, `SortID`) VALUES (37, '2019-08-31 19:52:14', '2019-08-31 19:52:14', NULL, 35, '保存', '/backend/rbac/node', 'POST', 2, 5);
INSERT INTO `Node` (`ID`, `CreatedAt`, `UpdatedAt`, `DeletedAt`, `Pid`, `Name`, `URL`, `Methods`, `IsMenu`, `SortID`) VALUES (38, '2019-08-31 19:52:14', '2019-08-31 19:52:14', NULL, 35, '编辑', '/backend/rbac/node/edit/:id', 'GET', 2, 4);
INSERT INTO `Node` (`ID`, `CreatedAt`, `UpdatedAt`, `DeletedAt`, `Pid`, `Name`, `URL`, `Methods`, `IsMenu`, `SortID`) VALUES (39, '2019-08-31 19:52:14', '2019-08-31 19:52:14', NULL, 35, '更新', '/backend/rbac/node/update/:id', 'PUT', 2, 3);
INSERT INTO `Node` (`ID`, `CreatedAt`, `UpdatedAt`, `DeletedAt`, `Pid`, `Name`, `URL`, `Methods`, `IsMenu`, `SortID`) VALUES (40, '2019-08-31 19:52:14', '2019-08-31 19:52:14', NULL, 35, '删除', '/backend/rbac/node/delete/:id', 'DELETE', 2, 2);
INSERT INTO `Node` (`ID`, `CreatedAt`, `UpdatedAt`, `DeletedAt`, `Pid`, `Name`, `URL`, `Methods`, `IsMenu`, `SortID`) VALUES (41, '2019-08-31 19:52:14', '2019-08-31 20:59:44', NULL, 35, '查看', '/backend/rbac/node/show/:id', 'GET', 2, 1);
INSERT INTO `Node` (`ID`, `CreatedAt`, `UpdatedAt`, `DeletedAt`, `Pid`, `Name`, `URL`, `Methods`, `IsMenu`, `SortID`) VALUES (42, '2019-08-31 19:55:10', '2019-08-31 19:55:10', NULL, 0, '用户管理', '/backend/user', 'GET', 1, 1991);
INSERT INTO `Node` (`ID`, `CreatedAt`, `UpdatedAt`, `DeletedAt`, `Pid`, `Name`, `URL`, `Methods`, `IsMenu`, `SortID`) VALUES (43, '2019-08-31 19:55:11', '2019-08-31 19:55:11', NULL, 42, '新增', '/backend/user/create', 'GET', 2, 6);
INSERT INTO `Node` (`ID`, `CreatedAt`, `UpdatedAt`, `DeletedAt`, `Pid`, `Name`, `URL`, `Methods`, `IsMenu`, `SortID`) VALUES (44, '2019-08-31 19:55:11', '2019-08-31 19:55:11', NULL, 42, '保存', '/backend/user', 'POST', 2, 5);
INSERT INTO `Node` (`ID`, `CreatedAt`, `UpdatedAt`, `DeletedAt`, `Pid`, `Name`, `URL`, `Methods`, `IsMenu`, `SortID`) VALUES (45, '2019-08-31 19:55:11', '2019-08-31 19:55:11', NULL, 42, '编辑', '/backend/user/edit/:id', 'GET', 2, 4);
INSERT INTO `Node` (`ID`, `CreatedAt`, `UpdatedAt`, `DeletedAt`, `Pid`, `Name`, `URL`, `Methods`, `IsMenu`, `SortID`) VALUES (46, '2019-08-31 19:55:11', '2019-08-31 20:31:05', NULL, 42, '更新', '/backend/user/update/:id', 'PUT', 2, 3);
INSERT INTO `Node` (`ID`, `CreatedAt`, `UpdatedAt`, `DeletedAt`, `Pid`, `Name`, `URL`, `Methods`, `IsMenu`, `SortID`) VALUES (47, '2019-08-31 19:55:11', '2019-08-31 19:55:11', NULL, 42, '删除', '/backend/user/delete/:id', 'DELETE', 2, 2);
INSERT INTO `Node` (`ID`, `CreatedAt`, `UpdatedAt`, `DeletedAt`, `Pid`, `Name`, `URL`, `Methods`, `IsMenu`, `SortID`) VALUES (48, '2019-08-31 19:55:11', '2019-08-31 20:59:37', NULL, 42, '查看', '/backend/user/show/:id', 'GET', 2, 1);
INSERT INTO `Node` (`ID`, `CreatedAt`, `UpdatedAt`, `DeletedAt`, `Pid`, `Name`, `URL`, `Methods`, `IsMenu`, `SortID`) VALUES (49, '2019-08-31 20:22:50', '2019-08-31 20:22:50', NULL, 1, '后台骨架', '/backend/skeleton', 'GET', 0, 1991);
INSERT INTO `Node` (`ID`, `CreatedAt`, `UpdatedAt`, `DeletedAt`, `Pid`, `Name`, `URL`, `Methods`, `IsMenu`, `SortID`) VALUES (50, '2019-09-21 20:19:27', '2019-09-21 20:19:27', NULL, 3, '内容', '/backend/article/content', 'GET', 1, 1991);
INSERT INTO `Node` (`ID`, `CreatedAt`, `UpdatedAt`, `DeletedAt`, `Pid`, `Name`, `URL`, `Methods`, `IsMenu`, `SortID`) VALUES (51, '2019-09-21 20:19:27', '2019-09-21 20:19:27', NULL, 50, '新增', '/backend/article/content/create', 'GET', 2, 6);
INSERT INTO `Node` (`ID`, `CreatedAt`, `UpdatedAt`, `DeletedAt`, `Pid`, `Name`, `URL`, `Methods`, `IsMenu`, `SortID`) VALUES (52, '2019-09-21 20:19:27', '2019-09-21 20:19:27', NULL, 50, '保存', '/backend/article/content', 'POST', 2, 5);
INSERT INTO `Node` (`ID`, `CreatedAt`, `UpdatedAt`, `DeletedAt`, `Pid`, `Name`, `URL`, `Methods`, `IsMenu`, `SortID`) VALUES (53, '2019-09-21 20:19:27', '2019-09-21 20:19:27', NULL, 50, '编辑', '/backend/article/content/edit/:id', 'GET', 2, 4);
INSERT INTO `Node` (`ID`, `CreatedAt`, `UpdatedAt`, `DeletedAt`, `Pid`, `Name`, `URL`, `Methods`, `IsMenu`, `SortID`) VALUES (54, '2019-09-21 20:19:27', '2019-09-21 20:19:27', NULL, 50, '更新', '/backend/article/content/update/:id', 'PUT', 2, 3);
INSERT INTO `Node` (`ID`, `CreatedAt`, `UpdatedAt`, `DeletedAt`, `Pid`, `Name`, `URL`, `Methods`, `IsMenu`, `SortID`) VALUES (55, '2019-09-21 20:19:27', '2019-09-21 20:19:27', NULL, 50, '删除', '/backend/article/content/delete/:id', 'DELETE', 2, 2);
INSERT INTO `Node` (`ID`, `CreatedAt`, `UpdatedAt`, `DeletedAt`, `Pid`, `Name`, `URL`, `Methods`, `IsMenu`, `SortID`) VALUES (56, '2019-09-21 20:19:27', '2019-09-21 20:19:27', NULL, 50, '查看', '/backend/article/content/show/:id', 'GET', 2, 1);
INSERT INTO `Node` (`ID`, `CreatedAt`, `UpdatedAt`, `DeletedAt`, `Pid`, `Name`, `URL`, `Methods`, `IsMenu`, `SortID`) VALUES (57, '2019-09-22 11:08:56', '2019-09-22 11:08:56', NULL, 50, '返回文章分类', '/backend/article/content/category/:pid', 'GET', 0, 1991);
INSERT INTO `Node` (`ID`, `CreatedAt`, `UpdatedAt`, `DeletedAt`, `Pid`, `Name`, `URL`, `Methods`, `IsMenu`, `SortID`) VALUES (58, '2019-09-22 20:20:31', '2019-09-22 20:20:31', NULL, 50, '上传附件', '/backend/article/content/upload', 'POST', 0, 1991);
INSERT INTO `Node` (`ID`, `CreatedAt`, `UpdatedAt`, `DeletedAt`, `Pid`, `Name`, `URL`, `Methods`, `IsMenu`, `SortID`) VALUES (59, '2019-10-13 17:16:44', '2019-10-13 17:16:44', '2019-10-13 18:39:29', 50, '添加标签', '/backend/article/content/addTag', 'POST', 0, 1991);
INSERT INTO `Node` (`ID`, `CreatedAt`, `UpdatedAt`, `DeletedAt`, `Pid`, `Name`, `URL`, `Methods`, `IsMenu`, `SortID`) VALUES (60, '2019-10-20 22:26:36', '2019-10-20 22:26:36', NULL, 50, '设置上下线', '/backend/article/content/online/:id', 'PUT', 0, 1991);
INSERT INTO `Node` (`ID`, `CreatedAt`, `UpdatedAt`, `DeletedAt`, `Pid`, `Name`, `URL`, `Methods`, `IsMenu`, `SortID`) VALUES (61, '2019-10-21 17:46:56', '2019-10-21 17:46:56', NULL, 50, '批量删除', '/backend/article/content/delete-batch', 'PUT', 0, 1991);

INSERT INTO `User` (`ID`, `CreatedAt`, `UpdatedAt`, `DeletedAt`, `Account`, `Password`, `Nickname`, `Identity`, `Status`, `LastTime`) VALUES (1, '2019-08-31 19:46:30', '2019-09-01 21:45:37', NULL, 'admin', '$2a$10$OodNQxCyahPzfTW1VWPy/u3ZZWGx0Z3PW38b2gU6VjrWDmOcIBihC', 'admin', 1, 1, '2019-09-01 21:45:37');
INSERT INTO `User` (`ID`, `CreatedAt`, `UpdatedAt`, `DeletedAt`, `Account`, `Password`, `Nickname`, `Identity`, `Status`, `LastTime`) VALUES (2, '2019-08-31 20:06:02', '2019-09-21 14:29:33', NULL, 'guest', '$2a$10$sw2Q9oLt33dZ0Qc38hheE.juH9z1G3mbhHd1jhikbvigqswiN6Ne.', 'guest', 2, 1, '2019-08-31 20:23:57');
INSERT INTO `User` (`ID`, `CreatedAt`, `UpdatedAt`, `DeletedAt`, `Account`, `Password`, `Nickname`, `Identity`, `Status`, `LastTime`) VALUES (3, '2019-08-31 21:01:21', '2019-08-31 21:01:21', NULL, 'fgsdfgsfg', '$2a$10$i4wx420ZFMaq/rhLO4t9fuSy7YdIO6FOi3j/CV361924cjlIUA47O', 'fgsfgsdfg', 1, 1, NULL);
INSERT INTO `User` (`ID`, `CreatedAt`, `UpdatedAt`, `DeletedAt`, `Account`, `Password`, `Nickname`, `Identity`, `Status`, `LastTime`) VALUES (4, '2019-08-31 21:08:54', '2019-08-31 21:13:06', NULL, 'asdafgh', '$2a$10$lNPX53UxyUY/OjmHnvJsfO7gx1mhjDoxxuHo4bssz2fwHayHKs4FG', 'dfghdfhfh', 2, 1, NULL);
INSERT INTO `User` (`ID`, `CreatedAt`, `UpdatedAt`, `DeletedAt`, `Account`, `Password`, `Nickname`, `Identity`, `Status`, `LastTime`) VALUES (5, '2019-09-01 21:39:04', '2019-09-01 23:18:25', NULL, 'test', '$2a$10$AfGjed4D840O/F/lmJ/bCO.4HrunLzbX..PThamH3ggU6Z1vsL/xi', 'dsfgdfgsdfg111', 1, 1, '2019-09-01 23:18:25');

INSERT INTO `UserRoleRelation` (`ID`, `CreatedAt`, `UserID`, `RoleID`) VALUES (1, '2019-08-31 19:58:47', 1, 1);
INSERT INTO `UserRoleRelation` (`ID`, `CreatedAt`, `UserID`, `RoleID`) VALUES (2, '2019-08-31 20:06:41', 2, 3);
INSERT INTO `UserRoleRelation` (`ID`, `CreatedAt`, `UserID`, `RoleID`) VALUES (6, '2019-09-01 23:17:49', 5, 2);

INSERT INTO `Role` (`ID`, `CreatedAt`, `UpdatedAt`, `DeletedAt`, `Pid`, `Name`, `SortID`) VALUES (1, '2019-08-31 19:56:19', '2019-08-31 19:56:19', NULL, 0, '超级管理员', 1991);
INSERT INTO `Role` (`ID`, `CreatedAt`, `UpdatedAt`, `DeletedAt`, `Pid`, `Name`, `SortID`) VALUES (2, '2019-08-31 19:56:36', '2019-08-31 19:56:36', NULL, 0, '普通管理员', 1991);
INSERT INTO `Role` (`ID`, `CreatedAt`, `UpdatedAt`, `DeletedAt`, `Pid`, `Name`, `SortID`) VALUES (3, '2019-08-31 19:56:40', '2019-09-01 22:45:11', NULL, 0, '来宾', 1991);
INSERT INTO `Role` (`ID`, `CreatedAt`, `UpdatedAt`, `DeletedAt`, `Pid`, `Name`, `SortID`) VALUES (4, '2019-09-01 22:57:16', '2019-09-01 22:59:24', '2019-09-01 22:59:26', 0, 'fdghdfghfghdfgh', 1991);

INSERT INTO `RoleNodeRelation` (`ID`, `CreatedAt`, `RoleID`, `NodeID`) VALUES (430, '2019-09-01 22:55:25', 3, 1);
INSERT INTO `RoleNodeRelation` (`ID`, `CreatedAt`, `RoleID`, `NodeID`) VALUES (431, '2019-09-01 22:55:25', 3, 49);
INSERT INTO `RoleNodeRelation` (`ID`, `CreatedAt`, `RoleID`, `NodeID`) VALUES (432, '2019-09-01 22:55:25', 3, 3);
INSERT INTO `RoleNodeRelation` (`ID`, `CreatedAt`, `RoleID`, `NodeID`) VALUES (433, '2019-09-01 22:55:25', 3, 4);
INSERT INTO `RoleNodeRelation` (`ID`, `CreatedAt`, `RoleID`, `NodeID`) VALUES (434, '2019-09-01 22:55:25', 3, 11);
INSERT INTO `RoleNodeRelation` (`ID`, `CreatedAt`, `RoleID`, `NodeID`) VALUES (435, '2019-09-01 22:55:25', 3, 18);
INSERT INTO `RoleNodeRelation` (`ID`, `CreatedAt`, `RoleID`, `NodeID`) VALUES (436, '2019-09-01 22:55:25', 3, 19);
INSERT INTO `RoleNodeRelation` (`ID`, `CreatedAt`, `RoleID`, `NodeID`) VALUES (437, '2019-09-01 22:55:25', 3, 27);
INSERT INTO `RoleNodeRelation` (`ID`, `CreatedAt`, `RoleID`, `NodeID`) VALUES (438, '2019-09-01 22:55:25', 3, 35);
INSERT INTO `RoleNodeRelation` (`ID`, `CreatedAt`, `RoleID`, `NodeID`) VALUES (439, '2019-09-01 22:55:25', 3, 42);
INSERT INTO `RoleNodeRelation` (`ID`, `CreatedAt`, `RoleID`, `NodeID`) VALUES (489, '2019-09-01 22:57:40', 2, 1);
INSERT INTO `RoleNodeRelation` (`ID`, `CreatedAt`, `RoleID`, `NodeID`) VALUES (490, '2019-09-01 22:57:40', 2, 2);
INSERT INTO `RoleNodeRelation` (`ID`, `CreatedAt`, `RoleID`, `NodeID`) VALUES (491, '2019-09-01 22:57:40', 2, 49);
INSERT INTO `RoleNodeRelation` (`ID`, `CreatedAt`, `RoleID`, `NodeID`) VALUES (492, '2019-09-01 22:57:40', 2, 3);
INSERT INTO `RoleNodeRelation` (`ID`, `CreatedAt`, `RoleID`, `NodeID`) VALUES (493, '2019-09-01 22:57:40', 2, 4);
INSERT INTO `RoleNodeRelation` (`ID`, `CreatedAt`, `RoleID`, `NodeID`) VALUES (494, '2019-09-01 22:57:40', 2, 5);
INSERT INTO `RoleNodeRelation` (`ID`, `CreatedAt`, `RoleID`, `NodeID`) VALUES (495, '2019-09-01 22:57:40', 2, 6);
INSERT INTO `RoleNodeRelation` (`ID`, `CreatedAt`, `RoleID`, `NodeID`) VALUES (496, '2019-09-01 22:57:40', 2, 7);
INSERT INTO `RoleNodeRelation` (`ID`, `CreatedAt`, `RoleID`, `NodeID`) VALUES (497, '2019-09-01 22:57:40', 2, 8);
INSERT INTO `RoleNodeRelation` (`ID`, `CreatedAt`, `RoleID`, `NodeID`) VALUES (498, '2019-09-01 22:57:40', 2, 9);
INSERT INTO `RoleNodeRelation` (`ID`, `CreatedAt`, `RoleID`, `NodeID`) VALUES (499, '2019-09-01 22:57:40', 2, 10);
INSERT INTO `RoleNodeRelation` (`ID`, `CreatedAt`, `RoleID`, `NodeID`) VALUES (500, '2019-09-01 22:57:40', 2, 11);
INSERT INTO `RoleNodeRelation` (`ID`, `CreatedAt`, `RoleID`, `NodeID`) VALUES (501, '2019-09-01 22:57:40', 2, 12);
INSERT INTO `RoleNodeRelation` (`ID`, `CreatedAt`, `RoleID`, `NodeID`) VALUES (502, '2019-09-01 22:57:40', 2, 13);
INSERT INTO `RoleNodeRelation` (`ID`, `CreatedAt`, `RoleID`, `NodeID`) VALUES (503, '2019-09-01 22:57:40', 2, 14);
INSERT INTO `RoleNodeRelation` (`ID`, `CreatedAt`, `RoleID`, `NodeID`) VALUES (504, '2019-09-01 22:57:40', 2, 15);
INSERT INTO `RoleNodeRelation` (`ID`, `CreatedAt`, `RoleID`, `NodeID`) VALUES (505, '2019-09-01 22:57:40', 2, 16);
INSERT INTO `RoleNodeRelation` (`ID`, `CreatedAt`, `RoleID`, `NodeID`) VALUES (506, '2019-09-01 22:57:40', 2, 17);
INSERT INTO `RoleNodeRelation` (`ID`, `CreatedAt`, `RoleID`, `NodeID`) VALUES (507, '2019-09-01 22:57:40', 2, 42);
INSERT INTO `RoleNodeRelation` (`ID`, `CreatedAt`, `RoleID`, `NodeID`) VALUES (508, '2019-09-01 22:57:40', 2, 43);
INSERT INTO `RoleNodeRelation` (`ID`, `CreatedAt`, `RoleID`, `NodeID`) VALUES (509, '2019-09-01 22:57:40', 2, 44);
INSERT INTO `RoleNodeRelation` (`ID`, `CreatedAt`, `RoleID`, `NodeID`) VALUES (510, '2019-09-01 22:57:40', 2, 45);
INSERT INTO `RoleNodeRelation` (`ID`, `CreatedAt`, `RoleID`, `NodeID`) VALUES (511, '2019-09-01 22:57:40', 2, 46);
INSERT INTO `RoleNodeRelation` (`ID`, `CreatedAt`, `RoleID`, `NodeID`) VALUES (512, '2019-09-01 22:57:40', 2, 47);
INSERT INTO `RoleNodeRelation` (`ID`, `CreatedAt`, `RoleID`, `NodeID`) VALUES (513, '2019-09-01 22:57:40', 2, 48);
INSERT INTO `RoleNodeRelation` (`ID`, `CreatedAt`, `RoleID`, `NodeID`) VALUES (861, '2019-10-21 17:47:10', 1, 1);
INSERT INTO `RoleNodeRelation` (`ID`, `CreatedAt`, `RoleID`, `NodeID`) VALUES (862, '2019-10-21 17:47:10', 1, 2);
INSERT INTO `RoleNodeRelation` (`ID`, `CreatedAt`, `RoleID`, `NodeID`) VALUES (863, '2019-10-21 17:47:10', 1, 49);
INSERT INTO `RoleNodeRelation` (`ID`, `CreatedAt`, `RoleID`, `NodeID`) VALUES (864, '2019-10-21 17:47:10', 1, 3);
INSERT INTO `RoleNodeRelation` (`ID`, `CreatedAt`, `RoleID`, `NodeID`) VALUES (865, '2019-10-21 17:47:10', 1, 4);
INSERT INTO `RoleNodeRelation` (`ID`, `CreatedAt`, `RoleID`, `NodeID`) VALUES (866, '2019-10-21 17:47:10', 1, 5);
INSERT INTO `RoleNodeRelation` (`ID`, `CreatedAt`, `RoleID`, `NodeID`) VALUES (867, '2019-10-21 17:47:10', 1, 6);
INSERT INTO `RoleNodeRelation` (`ID`, `CreatedAt`, `RoleID`, `NodeID`) VALUES (868, '2019-10-21 17:47:10', 1, 7);
INSERT INTO `RoleNodeRelation` (`ID`, `CreatedAt`, `RoleID`, `NodeID`) VALUES (869, '2019-10-21 17:47:10', 1, 8);
INSERT INTO `RoleNodeRelation` (`ID`, `CreatedAt`, `RoleID`, `NodeID`) VALUES (870, '2019-10-21 17:47:10', 1, 9);
INSERT INTO `RoleNodeRelation` (`ID`, `CreatedAt`, `RoleID`, `NodeID`) VALUES (871, '2019-10-21 17:47:10', 1, 10);
INSERT INTO `RoleNodeRelation` (`ID`, `CreatedAt`, `RoleID`, `NodeID`) VALUES (872, '2019-10-21 17:47:10', 1, 11);
INSERT INTO `RoleNodeRelation` (`ID`, `CreatedAt`, `RoleID`, `NodeID`) VALUES (873, '2019-10-21 17:47:10', 1, 12);
INSERT INTO `RoleNodeRelation` (`ID`, `CreatedAt`, `RoleID`, `NodeID`) VALUES (874, '2019-10-21 17:47:10', 1, 13);
INSERT INTO `RoleNodeRelation` (`ID`, `CreatedAt`, `RoleID`, `NodeID`) VALUES (875, '2019-10-21 17:47:10', 1, 14);
INSERT INTO `RoleNodeRelation` (`ID`, `CreatedAt`, `RoleID`, `NodeID`) VALUES (876, '2019-10-21 17:47:10', 1, 15);
INSERT INTO `RoleNodeRelation` (`ID`, `CreatedAt`, `RoleID`, `NodeID`) VALUES (877, '2019-10-21 17:47:10', 1, 16);
INSERT INTO `RoleNodeRelation` (`ID`, `CreatedAt`, `RoleID`, `NodeID`) VALUES (878, '2019-10-21 17:47:10', 1, 17);
INSERT INTO `RoleNodeRelation` (`ID`, `CreatedAt`, `RoleID`, `NodeID`) VALUES (879, '2019-10-21 17:47:10', 1, 50);
INSERT INTO `RoleNodeRelation` (`ID`, `CreatedAt`, `RoleID`, `NodeID`) VALUES (880, '2019-10-21 17:47:10', 1, 57);
INSERT INTO `RoleNodeRelation` (`ID`, `CreatedAt`, `RoleID`, `NodeID`) VALUES (881, '2019-10-21 17:47:10', 1, 58);
INSERT INTO `RoleNodeRelation` (`ID`, `CreatedAt`, `RoleID`, `NodeID`) VALUES (882, '2019-10-21 17:47:10', 1, 60);
INSERT INTO `RoleNodeRelation` (`ID`, `CreatedAt`, `RoleID`, `NodeID`) VALUES (883, '2019-10-21 17:47:10', 1, 61);
INSERT INTO `RoleNodeRelation` (`ID`, `CreatedAt`, `RoleID`, `NodeID`) VALUES (884, '2019-10-21 17:47:10', 1, 51);
INSERT INTO `RoleNodeRelation` (`ID`, `CreatedAt`, `RoleID`, `NodeID`) VALUES (885, '2019-10-21 17:47:10', 1, 52);
INSERT INTO `RoleNodeRelation` (`ID`, `CreatedAt`, `RoleID`, `NodeID`) VALUES (886, '2019-10-21 17:47:10', 1, 53);
INSERT INTO `RoleNodeRelation` (`ID`, `CreatedAt`, `RoleID`, `NodeID`) VALUES (887, '2019-10-21 17:47:10', 1, 54);
INSERT INTO `RoleNodeRelation` (`ID`, `CreatedAt`, `RoleID`, `NodeID`) VALUES (888, '2019-10-21 17:47:10', 1, 55);
INSERT INTO `RoleNodeRelation` (`ID`, `CreatedAt`, `RoleID`, `NodeID`) VALUES (889, '2019-10-21 17:47:10', 1, 56);
INSERT INTO `RoleNodeRelation` (`ID`, `CreatedAt`, `RoleID`, `NodeID`) VALUES (890, '2019-10-21 17:47:10', 1, 18);
INSERT INTO `RoleNodeRelation` (`ID`, `CreatedAt`, `RoleID`, `NodeID`) VALUES (891, '2019-10-21 17:47:10', 1, 19);
INSERT INTO `RoleNodeRelation` (`ID`, `CreatedAt`, `RoleID`, `NodeID`) VALUES (892, '2019-10-21 17:47:10', 1, 26);
INSERT INTO `RoleNodeRelation` (`ID`, `CreatedAt`, `RoleID`, `NodeID`) VALUES (893, '2019-10-21 17:47:10', 1, 20);
INSERT INTO `RoleNodeRelation` (`ID`, `CreatedAt`, `RoleID`, `NodeID`) VALUES (894, '2019-10-21 17:47:10', 1, 21);
INSERT INTO `RoleNodeRelation` (`ID`, `CreatedAt`, `RoleID`, `NodeID`) VALUES (895, '2019-10-21 17:47:10', 1, 22);
INSERT INTO `RoleNodeRelation` (`ID`, `CreatedAt`, `RoleID`, `NodeID`) VALUES (896, '2019-10-21 17:47:10', 1, 23);
INSERT INTO `RoleNodeRelation` (`ID`, `CreatedAt`, `RoleID`, `NodeID`) VALUES (897, '2019-10-21 17:47:10', 1, 24);
INSERT INTO `RoleNodeRelation` (`ID`, `CreatedAt`, `RoleID`, `NodeID`) VALUES (898, '2019-10-21 17:47:10', 1, 25);
INSERT INTO `RoleNodeRelation` (`ID`, `CreatedAt`, `RoleID`, `NodeID`) VALUES (899, '2019-10-21 17:47:10', 1, 27);
INSERT INTO `RoleNodeRelation` (`ID`, `CreatedAt`, `RoleID`, `NodeID`) VALUES (900, '2019-10-21 17:47:10', 1, 34);
INSERT INTO `RoleNodeRelation` (`ID`, `CreatedAt`, `RoleID`, `NodeID`) VALUES (901, '2019-10-21 17:47:10', 1, 28);
INSERT INTO `RoleNodeRelation` (`ID`, `CreatedAt`, `RoleID`, `NodeID`) VALUES (902, '2019-10-21 17:47:10', 1, 29);
INSERT INTO `RoleNodeRelation` (`ID`, `CreatedAt`, `RoleID`, `NodeID`) VALUES (903, '2019-10-21 17:47:10', 1, 30);
INSERT INTO `RoleNodeRelation` (`ID`, `CreatedAt`, `RoleID`, `NodeID`) VALUES (904, '2019-10-21 17:47:10', 1, 31);
INSERT INTO `RoleNodeRelation` (`ID`, `CreatedAt`, `RoleID`, `NodeID`) VALUES (905, '2019-10-21 17:47:10', 1, 32);
INSERT INTO `RoleNodeRelation` (`ID`, `CreatedAt`, `RoleID`, `NodeID`) VALUES (906, '2019-10-21 17:47:10', 1, 33);
INSERT INTO `RoleNodeRelation` (`ID`, `CreatedAt`, `RoleID`, `NodeID`) VALUES (907, '2019-10-21 17:47:10', 1, 35);
INSERT INTO `RoleNodeRelation` (`ID`, `CreatedAt`, `RoleID`, `NodeID`) VALUES (908, '2019-10-21 17:47:10', 1, 36);
INSERT INTO `RoleNodeRelation` (`ID`, `CreatedAt`, `RoleID`, `NodeID`) VALUES (909, '2019-10-21 17:47:10', 1, 37);
INSERT INTO `RoleNodeRelation` (`ID`, `CreatedAt`, `RoleID`, `NodeID`) VALUES (910, '2019-10-21 17:47:10', 1, 38);
INSERT INTO `RoleNodeRelation` (`ID`, `CreatedAt`, `RoleID`, `NodeID`) VALUES (911, '2019-10-21 17:47:10', 1, 39);
INSERT INTO `RoleNodeRelation` (`ID`, `CreatedAt`, `RoleID`, `NodeID`) VALUES (912, '2019-10-21 17:47:10', 1, 40);
INSERT INTO `RoleNodeRelation` (`ID`, `CreatedAt`, `RoleID`, `NodeID`) VALUES (913, '2019-10-21 17:47:10', 1, 41);
INSERT INTO `RoleNodeRelation` (`ID`, `CreatedAt`, `RoleID`, `NodeID`) VALUES (914, '2019-10-21 17:47:10', 1, 42);
INSERT INTO `RoleNodeRelation` (`ID`, `CreatedAt`, `RoleID`, `NodeID`) VALUES (915, '2019-10-21 17:47:10', 1, 43);
INSERT INTO `RoleNodeRelation` (`ID`, `CreatedAt`, `RoleID`, `NodeID`) VALUES (916, '2019-10-21 17:47:10', 1, 44);
INSERT INTO `RoleNodeRelation` (`ID`, `CreatedAt`, `RoleID`, `NodeID`) VALUES (917, '2019-10-21 17:47:10', 1, 45);
INSERT INTO `RoleNodeRelation` (`ID`, `CreatedAt`, `RoleID`, `NodeID`) VALUES (918, '2019-10-21 17:47:10', 1, 46);
INSERT INTO `RoleNodeRelation` (`ID`, `CreatedAt`, `RoleID`, `NodeID`) VALUES (919, '2019-10-21 17:47:10', 1, 47);
INSERT INTO `RoleNodeRelation` (`ID`, `CreatedAt`, `RoleID`, `NodeID`) VALUES (920, '2019-10-21 17:47:10', 1, 48);

INSERT INTO `Category` (`ID`, `CreatedAt`, `UpdatedAt`, `DeletedAt`, `Pid`, `Name`, `SortID`) VALUES (1, '2019-10-23 16:50:37', '2019-10-23 16:50:37', NULL, 0, 'sdadsf', 1991);
INSERT INTO `Category` (`ID`, `CreatedAt`, `UpdatedAt`, `DeletedAt`, `Pid`, `Name`, `SortID`) VALUES (2, '2019-10-23 16:50:40', '2019-10-23 16:50:40', NULL, 0, '规划的风格和', 1991);
INSERT INTO `Category` (`ID`, `CreatedAt`, `UpdatedAt`, `DeletedAt`, `Pid`, `Name`, `SortID`) VALUES (3, '2019-10-23 16:50:42', '2019-10-23 16:50:42', NULL, 0, '的翻跟斗风格和', 1991);
INSERT INTO `Category` (`ID`, `CreatedAt`, `UpdatedAt`, `DeletedAt`, `Pid`, `Name`, `SortID`) VALUES (4, '2019-10-23 16:50:44', '2019-10-23 16:50:44', NULL, 0, '的翻跟斗风格和', 1991);
INSERT INTO `Category` (`ID`, `CreatedAt`, `UpdatedAt`, `DeletedAt`, `Pid`, `Name`, `SortID`) VALUES (5, '2019-10-23 16:50:47', '2019-10-23 16:50:47', NULL, 0, '的翻跟斗广泛和', 1991);

INSERT INTO `Tag` (`ID`, `CreatedAt`, `UpdatedAt`, `DeletedAt`, `Name`) VALUES (1, '2019-08-31 20:07:33', '2019-08-31 20:07:33', '2019-08-31 20:07:35', 'test');
INSERT INTO `Tag` (`ID`, `CreatedAt`, `UpdatedAt`, `DeletedAt`, `Name`) VALUES (2, '2019-08-31 20:10:36', '2019-08-31 20:10:44', '2019-08-31 20:10:51', 'test');
INSERT INTO `Tag` (`ID`, `CreatedAt`, `UpdatedAt`, `DeletedAt`, `Name`) VALUES (3, '2019-08-31 20:24:24', '2019-08-31 20:24:24', '2019-08-31 20:24:27', 'aa');
INSERT INTO `Tag` (`ID`, `CreatedAt`, `UpdatedAt`, `DeletedAt`, `Name`) VALUES (4, '2019-08-31 20:25:04', '2019-08-31 20:25:04', '2019-08-31 20:25:12', 'dffg');
INSERT INTO `Tag` (`ID`, `CreatedAt`, `UpdatedAt`, `DeletedAt`, `Name`) VALUES (5, '2019-08-31 20:31:14', '2019-08-31 20:36:33', '2019-08-31 20:38:43', 'asdfsdf');
INSERT INTO `Tag` (`ID`, `CreatedAt`, `UpdatedAt`, `DeletedAt`, `Name`) VALUES (6, '2019-08-31 20:39:27', '2019-09-01 22:19:33', '2019-09-01 22:20:00', 'testdfsdf');
INSERT INTO `Tag` (`ID`, `CreatedAt`, `UpdatedAt`, `DeletedAt`, `Name`) VALUES (7, '2019-08-31 20:56:44', '2019-08-31 20:56:44', '2019-08-31 20:57:06', 'sss');
INSERT INTO `Tag` (`ID`, `CreatedAt`, `UpdatedAt`, `DeletedAt`, `Name`) VALUES (8, '2019-09-01 22:19:37', '2019-09-01 22:19:37', '2019-09-01 22:19:58', 'sdfgsdfg');
INSERT INTO `Tag` (`ID`, `CreatedAt`, `UpdatedAt`, `DeletedAt`, `Name`) VALUES (9, '2019-09-01 22:19:39', '2019-09-01 22:19:53', '2019-09-01 22:19:56', 'dfdfgh111');
INSERT INTO `Tag` (`ID`, `CreatedAt`, `UpdatedAt`, `DeletedAt`, `Name`) VALUES (10, '2019-09-01 23:33:36', '2019-09-01 23:33:36', '2019-09-01 23:33:47', 'dvbbf');
INSERT INTO `Tag` (`ID`, `CreatedAt`, `UpdatedAt`, `DeletedAt`, `Name`) VALUES (11, '2019-09-01 23:33:38', '2019-09-01 23:33:38', '2019-09-01 23:33:45', 'hfjfgjh');
INSERT INTO `Tag` (`ID`, `CreatedAt`, `UpdatedAt`, `DeletedAt`, `Name`) VALUES (12, '2019-09-22 10:36:06', '2019-09-22 10:36:06', NULL, 'php');
INSERT INTO `Tag` (`ID`, `CreatedAt`, `UpdatedAt`, `DeletedAt`, `Name`) VALUES (13, '2019-09-22 10:36:18', '2019-09-22 10:36:18', NULL, '中国');
INSERT INTO `Tag` (`ID`, `CreatedAt`, `UpdatedAt`, `DeletedAt`, `Name`) VALUES (14, '2019-09-22 10:36:26', '2019-09-22 10:36:26', NULL, '南昌');
INSERT INTO `Tag` (`ID`, `CreatedAt`, `UpdatedAt`, `DeletedAt`, `Name`) VALUES (15, '2019-09-22 10:36:31', '2019-10-13 16:25:48', NULL, '赣州');
INSERT INTO `Tag` (`ID`, `CreatedAt`, `UpdatedAt`, `DeletedAt`, `Name`) VALUES (16, '2019-10-25 15:33:20', '2019-10-25 15:33:20', NULL, '上海');

INSERT INTO `Content` (`ID`, `CreatedAt`, `UpdatedAt`, `DeletedAt`, `Title`, `Body`, `Hits`, `Online`, `Category`, `CoverPC`, `CoverWAP`, `Origin`) VALUES (1, '2019-10-20 19:50:03', '2019-10-20 19:50:03', NULL, 'sdfsdf', 'ddd发
', 0, 1, 12, '', '', '');
INSERT INTO `Content` (`ID`, `CreatedAt`, `UpdatedAt`, `DeletedAt`, `Title`, `Body`, `Hits`, `Online`, `Category`, `CoverPC`, `CoverWAP`, `Origin`) VALUES (2, '2019-10-20 19:50:07', '2019-10-20 22:44:54', NULL, 'sdfsdf', 'ddd发
', 0, 1, 12, '', '', '');
INSERT INTO `Content` (`ID`, `CreatedAt`, `UpdatedAt`, `DeletedAt`, `Title`, `Body`, `Hits`, `Online`, `Category`, `CoverPC`, `CoverWAP`, `Origin`) VALUES (3, '2019-10-20 19:50:09', '2019-10-20 19:50:09', NULL, 'sdfsdf', 'ddd发
', 0, 1, 12, '', '', '');
INSERT INTO `Content` (`ID`, `CreatedAt`, `UpdatedAt`, `DeletedAt`, `Title`, `Body`, `Hits`, `Online`, `Category`, `CoverPC`, `CoverWAP`, `Origin`) VALUES (4, '2019-10-20 19:50:10', '2019-10-20 19:50:10', NULL, 'sdfsdf', 'ddd发
', 0, 1, 12, '', '', '');
INSERT INTO `Content` (`ID`, `CreatedAt`, `UpdatedAt`, `DeletedAt`, `Title`, `Body`, `Hits`, `Online`, `Category`, `CoverPC`, `CoverWAP`, `Origin`) VALUES (5, '2019-10-20 20:45:41', '2019-10-20 20:45:41', NULL, 'fghdfgh', 'ddd发
', 0, 1, 12, '', '', '');
INSERT INTO `Content` (`ID`, `CreatedAt`, `UpdatedAt`, `DeletedAt`, `Title`, `Body`, `Hits`, `Online`, `Category`, `CoverPC`, `CoverWAP`, `Origin`) VALUES (6, '2019-10-20 20:45:44', '2019-10-20 20:45:44', NULL, 'fghdfgh', 'ddd发
', 0, 1, 12, '', '', '');
INSERT INTO `Content` (`ID`, `CreatedAt`, `UpdatedAt`, `DeletedAt`, `Title`, `Body`, `Hits`, `Online`, `Category`, `CoverPC`, `CoverWAP`, `Origin`) VALUES (7, '2019-10-20 20:45:46', '2019-10-20 20:45:46', NULL, 'fghdfgh', 'ddd发
', 0, 1, 12, '', '', '');
INSERT INTO `Content` (`ID`, `CreatedAt`, `UpdatedAt`, `DeletedAt`, `Title`, `Body`, `Hits`, `Online`, `Category`, `CoverPC`, `CoverWAP`, `Origin`) VALUES (8, '2019-10-20 20:45:47', '2019-10-20 20:45:47', NULL, 'fghdfgh', 'ddd发
', 0, 1, 12, '', '', '');
INSERT INTO `Content` (`ID`, `CreatedAt`, `UpdatedAt`, `DeletedAt`, `Title`, `Body`, `Hits`, `Online`, `Category`, `CoverPC`, `CoverWAP`, `Origin`) VALUES (9, '2019-10-20 20:45:49', '2019-10-21 16:34:52', NULL, 'fghdfgh', 'ddd发
', 0, 1, 12, '', '', '');
INSERT INTO `Content` (`ID`, `CreatedAt`, `UpdatedAt`, `DeletedAt`, `Title`, `Body`, `Hits`, `Online`, `Category`, `CoverPC`, `CoverWAP`, `Origin`) VALUES (10, '2019-10-20 20:45:50', '2019-10-21 16:34:53', NULL, 'fghdfgh', 'ddd发
', 0, 1, 12, '', '', '');
INSERT INTO `Content` (`ID`, `CreatedAt`, `UpdatedAt`, `DeletedAt`, `Title`, `Body`, `Hits`, `Online`, `Category`, `CoverPC`, `CoverWAP`, `Origin`) VALUES (11, '2019-10-20 20:45:53', '2019-10-25 15:31:49', NULL, 'fghdfgh', 'ddd发
', 0, 1, 12, '', '', '');
INSERT INTO `Content` (`ID`, `CreatedAt`, `UpdatedAt`, `DeletedAt`, `Title`, `Body`, `Hits`, `Online`, `Category`, `CoverPC`, `CoverWAP`, `Origin`) VALUES (12, '2019-10-20 20:45:55', '2019-10-21 16:53:46', '2019-10-25 15:27:50.4897893 +0800 +0800', 'fghdfgh', '**ddd发tyhdfgh**
', 0, 2, 12, '', '', '');
INSERT INTO `Content` (`ID`, `CreatedAt`, `UpdatedAt`, `DeletedAt`, `Title`, `Body`, `Hits`, `Online`, `Category`, `CoverPC`, `CoverWAP`, `Origin`) VALUES (13, '2019-10-20 20:45:56', '2019-10-25 15:04:45', '2019-10-25 15:27:30.6367392 +0800 +0800', 'fghdfgh', '**ddd发tyhdfgh**
', 0, 2, 12, '', '', '');
INSERT INTO `Content` (`ID`, `CreatedAt`, `UpdatedAt`, `DeletedAt`, `Title`, `Body`, `Hits`, `Online`, `Category`, `CoverPC`, `CoverWAP`, `Origin`) VALUES (14, '2019-10-20 20:45:58', '2019-10-20 20:45:58', '2019-10-25 15:26:58.8123056 +0800 +0800', 'fghdfgh', 'ddd发
', 0, 1, 12, '', '', '');
INSERT INTO `Content` (`ID`, `CreatedAt`, `UpdatedAt`, `DeletedAt`, `Title`, `Body`, `Hits`, `Online`, `Category`, `CoverPC`, `CoverWAP`, `Origin`) VALUES (15, '2019-10-20 20:46:01', '2019-10-20 20:46:01', '2019-10-25 15:27:46.418193 +0800 +0800', 'fghdfgh', 'ddd发
', 0, 1, 12, '', '', '');
INSERT INTO `Content` (`ID`, `CreatedAt`, `UpdatedAt`, `DeletedAt`, `Title`, `Body`, `Hits`, `Online`, `Category`, `CoverPC`, `CoverWAP`, `Origin`) VALUES (16, '2019-10-23 16:51:00', '2019-10-23 16:51:00', NULL, '是电风扇电饭锅', '![head.jpg](/uploads/329ff2318b8c1c90.jpg)fgdfggdfgdf

士大夫敢死队风格人也是风格豆腐
', 0, 1, 5, '', '', '');
INSERT INTO `Content` (`ID`, `CreatedAt`, `UpdatedAt`, `DeletedAt`, `Title`, `Body`, `Hits`, `Online`, `Category`, `CoverPC`, `CoverWAP`, `Origin`) VALUES (17, '2019-10-23 16:51:02', '2019-10-23 16:51:02', NULL, '是电风扇电饭锅', '![head.jpg](/uploads/329ff2318b8c1c90.jpg)fgdfggdfgdf

士大夫敢死队风格人也是风格豆腐
', 0, 1, 5, '', '', '');
INSERT INTO `Content` (`ID`, `CreatedAt`, `UpdatedAt`, `DeletedAt`, `Title`, `Body`, `Hits`, `Online`, `Category`, `CoverPC`, `CoverWAP`, `Origin`) VALUES (18, '2019-10-23 16:51:04', '2019-10-23 16:51:04', NULL, '是电风扇电饭锅', '![head.jpg](/uploads/329ff2318b8c1c90.jpg)fgdfggdfgdf

士大夫敢死队风格人也是风格豆腐
', 0, 1, 5, '', '', '');
INSERT INTO `Content` (`ID`, `CreatedAt`, `UpdatedAt`, `DeletedAt`, `Title`, `Body`, `Hits`, `Online`, `Category`, `CoverPC`, `CoverWAP`, `Origin`) VALUES (19, '2019-10-23 16:51:06', '2019-10-23 16:51:06', NULL, '是电风扇电饭锅', '![head.jpg](/uploads/329ff2318b8c1c90.jpg)fgdfggdfgdf

士大夫敢死队风格人也是风格豆腐
', 0, 1, 5, '', '', '');
INSERT INTO `Content` (`ID`, `CreatedAt`, `UpdatedAt`, `DeletedAt`, `Title`, `Body`, `Hits`, `Online`, `Category`, `CoverPC`, `CoverWAP`, `Origin`) VALUES (20, '2019-10-23 16:51:07', '2019-10-23 16:51:07', NULL, '是电风扇电饭锅', '![head.jpg](/uploads/329ff2318b8c1c90.jpg)fgdfggdfgdf

士大夫敢死队风格人也是风格豆腐
', 0, 1, 5, '', '', '');
INSERT INTO `Content` (`ID`, `CreatedAt`, `UpdatedAt`, `DeletedAt`, `Title`, `Body`, `Hits`, `Online`, `Category`, `CoverPC`, `CoverWAP`, `Origin`) VALUES (21, '2019-10-23 16:51:10', '2019-10-23 16:51:10', NULL, '是电风扇电饭锅', '![head.jpg](/uploads/329ff2318b8c1c90.jpg)fgdfggdfgdf

士大夫敢死队风格人也是风格豆腐
', 0, 1, 5, '', '', '');
INSERT INTO `Content` (`ID`, `CreatedAt`, `UpdatedAt`, `DeletedAt`, `Title`, `Body`, `Hits`, `Online`, `Category`, `CoverPC`, `CoverWAP`, `Origin`) VALUES (22, '2019-10-23 16:51:13', '2019-10-23 16:51:13', NULL, '是电风扇电饭锅翻跟斗风格和', '![head.jpg](/uploads/329ff2318b8c1c90.jpg)fgdfggdfgdf

士大夫敢死队风格人也是风格豆腐
', 0, 1, 5, '', '', '');
INSERT INTO `Content` (`ID`, `CreatedAt`, `UpdatedAt`, `DeletedAt`, `Title`, `Body`, `Hits`, `Online`, `Category`, `CoverPC`, `CoverWAP`, `Origin`) VALUES (23, '2019-10-23 16:51:15', '2019-10-23 16:51:15', NULL, '是电风扇电饭锅翻跟斗风格和', '![head.jpg](/uploads/329ff2318b8c1c90.jpg)fgdfggdfgdf

士大夫敢死队风格人也是风格豆腐
', 0, 1, 5, '', '', '');
INSERT INTO `Content` (`ID`, `CreatedAt`, `UpdatedAt`, `DeletedAt`, `Title`, `Body`, `Hits`, `Online`, `Category`, `CoverPC`, `CoverWAP`, `Origin`) VALUES (24, '2019-10-23 16:51:17', '2019-10-23 17:44:37', '2019-10-25 15:18:54.6190291 +0800 +0800', '是电风扇电饭锅翻跟斗风格和', '![head.jpg](/uploads/329ff2318b8c1c90.jpg)fgdfggdfgdf

士大夫敢死队风格人也是风格豆腐
', 0, 1, 5, '', '', '');
INSERT INTO `Content` (`ID`, `CreatedAt`, `UpdatedAt`, `DeletedAt`, `Title`, `Body`, `Hits`, `Online`, `Category`, `CoverPC`, `CoverWAP`, `Origin`) VALUES (25, '2019-10-25 15:07:50', '2019-10-25 15:31:02', NULL, '士大夫敢死队风格', '是电风扇电饭锅
', 0, 1, 4, '', '', '');
INSERT INTO `Content` (`ID`, `CreatedAt`, `UpdatedAt`, `DeletedAt`, `Title`, `Body`, `Hits`, `Online`, `Category`, `CoverPC`, `CoverWAP`, `Origin`) VALUES (26, '2019-10-25 15:09:09', '2019-10-25 15:09:09', '2019-10-25 15:18:40.764196 +0800 +0800', '的防守犯规', '邓飞手动阀手动阀
', 0, 1, 4, '', '', '');
INSERT INTO `Content` (`ID`, `CreatedAt`, `UpdatedAt`, `DeletedAt`, `Title`, `Body`, `Hits`, `Online`, `Category`, `CoverPC`, `CoverWAP`, `Origin`) VALUES (27, '2019-10-25 15:33:20', '2019-10-25 15:33:20', NULL, '共和国和返回键', '的发热施工方
是豆腐干山豆根
的是法国粉色的个
### 的是法国粉色的个![QQ图片20190703091705.png](/uploads/9682fb20127b9e7e.png)

规划方法规划
风格化风格化

![notfound.jpg](/uploads/6d46811e0a38a0bf.jpg)


', 0, 1, 4, '/uploads/6d46811e0a38a0bf.jpg', '/uploads/6d46811e0a38a0bf.jpg', '');
INSERT INTO `Content` (`ID`, `CreatedAt`, `UpdatedAt`, `DeletedAt`, `Title`, `Body`, `Hits`, `Online`, `Category`, `CoverPC`, `CoverWAP`, `Origin`) VALUES (28, '2019-10-25 15:34:17', '2019-10-25 17:02:22', NULL, 'g''j''k''g''j''kgjkgjk', '```
type where []string

func (this where) Get(index int) string {
	if index+1 <= len(this) && index >= 0 {
		return this[index]
	}
	return ""
}
```
', 0, 1, 5, '', '', '');

INSERT INTO `ContentTag` (`ID`, `ContentID`, `TagID`) VALUES (1, 16, 13);
INSERT INTO `ContentTag` (`ID`, `ContentID`, `TagID`) VALUES (2, 16, 14);
INSERT INTO `ContentTag` (`ID`, `ContentID`, `TagID`) VALUES (3, 17, 13);
INSERT INTO `ContentTag` (`ID`, `ContentID`, `TagID`) VALUES (4, 17, 14);
INSERT INTO `ContentTag` (`ID`, `ContentID`, `TagID`) VALUES (5, 18, 13);
INSERT INTO `ContentTag` (`ID`, `ContentID`, `TagID`) VALUES (6, 18, 14);
INSERT INTO `ContentTag` (`ID`, `ContentID`, `TagID`) VALUES (7, 19, 13);
INSERT INTO `ContentTag` (`ID`, `ContentID`, `TagID`) VALUES (8, 19, 14);
INSERT INTO `ContentTag` (`ID`, `ContentID`, `TagID`) VALUES (9, 20, 13);
INSERT INTO `ContentTag` (`ID`, `ContentID`, `TagID`) VALUES (10, 20, 14);
INSERT INTO `ContentTag` (`ID`, `ContentID`, `TagID`) VALUES (11, 21, 13);
INSERT INTO `ContentTag` (`ID`, `ContentID`, `TagID`) VALUES (12, 21, 14);
INSERT INTO `ContentTag` (`ID`, `ContentID`, `TagID`) VALUES (13, 22, 13);
INSERT INTO `ContentTag` (`ID`, `ContentID`, `TagID`) VALUES (14, 22, 14);
INSERT INTO `ContentTag` (`ID`, `ContentID`, `TagID`) VALUES (15, 23, 13);
INSERT INTO `ContentTag` (`ID`, `ContentID`, `TagID`) VALUES (16, 23, 14);
INSERT INTO `ContentTag` (`ID`, `ContentID`, `TagID`) VALUES (17, 24, 13);
INSERT INTO `ContentTag` (`ID`, `ContentID`, `TagID`) VALUES (18, 24, 14);
INSERT INTO `ContentTag` (`ID`, `ContentID`, `TagID`) VALUES (19, 25, 13);
INSERT INTO `ContentTag` (`ID`, `ContentID`, `TagID`) VALUES (20, 26, 13);
INSERT INTO `ContentTag` (`ID`, `ContentID`, `TagID`) VALUES (21, 27, 13);
INSERT INTO `ContentTag` (`ID`, `ContentID`, `TagID`) VALUES (22, 27, 14);
INSERT INTO `ContentTag` (`ID`, `ContentID`, `TagID`) VALUES (23, 27, 16);
INSERT INTO `ContentTag` (`ID`, `ContentID`, `TagID`) VALUES (37, 28, 13);
