/*Generated by xorm v0.8.0.1015 2019-12-25 09:23:03, from sqlite3 to SQLITE3*/

INSERT INTO `Node` (`ID`, `CreatedAt`, `UpdatedAt`, `DeletedAt`, `Pid`, `Name`, `URL`, `Methods`, `IsMenu`, `SortID`) VALUES (1, '2019-08-31 19:47:10', '2019-12-01 11:51:00', NULL, 0, '我的桌面', '/backend/home', 'GET', 1, 1991);
INSERT INTO `Node` (`ID`, `CreatedAt`, `UpdatedAt`, `DeletedAt`, `Pid`, `Name`, `URL`, `Methods`, `IsMenu`, `SortID`) VALUES (2, '2019-08-31 19:47:45', '2019-08-31 19:47:45', NULL, 1, '修改密码', '/backend/home/user/forget', 'GET,POST', 0, 1991);
INSERT INTO `Node` (`ID`, `CreatedAt`, `UpdatedAt`, `DeletedAt`, `Pid`, `Name`, `URL`, `Methods`, `IsMenu`, `SortID`) VALUES (3, '2019-08-31 19:48:10', '2019-08-31 19:48:17', NULL, 0, '文章管理', 'javascript:;', 'GET', 1, 1991);
INSERT INTO `Node` (`ID`, `CreatedAt`, `UpdatedAt`, `DeletedAt`, `Pid`, `Name`, `URL`, `Methods`, `IsMenu`, `SortID`) VALUES (4, '2019-08-31 19:48:47', '2019-09-01 22:14:03', NULL, 3, '分类', '/backend/article/category', 'GET', 1, 1991);
INSERT INTO `Node` (`ID`, `CreatedAt`, `UpdatedAt`, `DeletedAt`, `Pid`, `Name`, `URL`, `Methods`, `IsMenu`, `SortID`) VALUES (5, '2019-08-31 19:48:47', '2019-09-01 22:14:08', NULL, 4, '新增', '/backend/article/category/create/:pid', 'GET', 2, 6);
INSERT INTO `Node` (`ID`, `CreatedAt`, `UpdatedAt`, `DeletedAt`, `Pid`, `Name`, `URL`, `Methods`, `IsMenu`, `SortID`) VALUES (6, '2019-08-31 19:48:47', '2019-08-31 19:48:47', NULL, 4, '保存', '/backend/article/category', 'POST', 2, 5);
INSERT INTO `Node` (`ID`, `CreatedAt`, `UpdatedAt`, `DeletedAt`, `Pid`, `Name`, `URL`, `Methods`, `IsMenu`, `SortID`) VALUES (7, '2019-08-31 19:48:47', '2019-08-31 19:48:47', NULL, 4, '编辑', '/backend/article/category/edit/:id', 'GET', 2, 4);
INSERT INTO `Node` (`ID`, `CreatedAt`, `UpdatedAt`, `DeletedAt`, `Pid`, `Name`, `URL`, `Methods`, `IsMenu`, `SortID`) VALUES (8, '2019-08-31 19:48:47', '2019-08-31 20:30:09', NULL, 4, '更新', '/backend/article/category/update/:id', 'PUT', 2, 3);
INSERT INTO `Node` (`ID`, `CreatedAt`, `UpdatedAt`, `DeletedAt`, `Pid`, `Name`, `URL`, `Methods`, `IsMenu`, `SortID`) VALUES (9, '2019-08-31 19:48:47', '2019-08-31 19:48:47', NULL, 4, '删除', '/backend/article/category/delete/:id', 'DELETE', 2, 2);
INSERT INTO `Node` (`ID`, `CreatedAt`, `UpdatedAt`, `DeletedAt`, `Pid`, `Name`, `URL`, `Methods`, `IsMenu`, `SortID`) VALUES (10, '2019-08-31 19:48:47', '2019-08-31 21:00:17', NULL, 4, '查看', '/backend/article/category/show/:id', 'GET', 2, 1);
INSERT INTO `Node` (`ID`, `CreatedAt`, `UpdatedAt`, `DeletedAt`, `Pid`, `Name`, `URL`, `Methods`, `IsMenu`, `SortID`) VALUES (11, '2019-08-31 19:49:10', '2019-08-31 19:49:10', NULL, 3, '标签', '/backend/article/tag', 'GET', 1, 1991);
INSERT INTO `Node` (`ID`, `CreatedAt`, `UpdatedAt`, `DeletedAt`, `Pid`, `Name`, `URL`, `Methods`, `IsMenu`, `SortID`) VALUES (12, '2019-08-31 19:49:10', '2019-08-31 19:49:10', NULL, 11, '新增', '/backend/article/tag/create', 'GET', 2, 6);
INSERT INTO `Node` (`ID`, `CreatedAt`, `UpdatedAt`, `DeletedAt`, `Pid`, `Name`, `URL`, `Methods`, `IsMenu`, `SortID`) VALUES (13, '2019-08-31 19:49:10', '2019-08-31 19:49:10', NULL, 11, '保存', '/backend/article/tag', 'POST', 2, 5);
INSERT INTO `Node` (`ID`, `CreatedAt`, `UpdatedAt`, `DeletedAt`, `Pid`, `Name`, `URL`, `Methods`, `IsMenu`, `SortID`) VALUES (14, '2019-08-31 19:49:10', '2019-08-31 19:49:10', NULL, 11, '编辑', '/backend/article/tag/edit/:id', 'GET', 2, 4);
INSERT INTO `Node` (`ID`, `CreatedAt`, `UpdatedAt`, `DeletedAt`, `Pid`, `Name`, `URL`, `Methods`, `IsMenu`, `SortID`) VALUES (15, '2019-08-31 19:49:10', '2019-08-31 20:30:22', NULL, 11, '更新', '/backend/article/tag/update/:id', 'PUT', 2, 3);
INSERT INTO `Node` (`ID`, `CreatedAt`, `UpdatedAt`, `DeletedAt`, `Pid`, `Name`, `URL`, `Methods`, `IsMenu`, `SortID`) VALUES (16, '2019-08-31 19:49:10', '2019-08-31 19:49:10', NULL, 11, '删除', '/backend/article/tag/delete/:id', 'DELETE', 2, 2);
INSERT INTO `Node` (`ID`, `CreatedAt`, `UpdatedAt`, `DeletedAt`, `Pid`, `Name`, `URL`, `Methods`, `IsMenu`, `SortID`) VALUES (17, '2019-08-31 19:49:10', '2019-08-31 21:00:11', NULL, 11, '查看', '/backend/article/tag/show/:id', 'GET', 2, 1);
INSERT INTO `Node` (`ID`, `CreatedAt`, `UpdatedAt`, `DeletedAt`, `Pid`, `Name`, `URL`, `Methods`, `IsMenu`, `SortID`) VALUES (18, '2019-08-31 19:49:48', '2019-08-31 19:49:48', NULL, 0, '权限管理', 'javascript:;', 'GET', 1, 1991);
INSERT INTO `Node` (`ID`, `CreatedAt`, `UpdatedAt`, `DeletedAt`, `Pid`, `Name`, `URL`, `Methods`, `IsMenu`, `SortID`) VALUES (19, '2019-08-31 19:50:12', '2019-08-31 19:50:12', NULL, 18, '用户', '/backend/rbac/user', 'GET', 1, 1991);
INSERT INTO `Node` (`ID`, `CreatedAt`, `UpdatedAt`, `DeletedAt`, `Pid`, `Name`, `URL`, `Methods`, `IsMenu`, `SortID`) VALUES (20, '2019-08-31 19:50:12', '2019-08-31 19:50:12', NULL, 19, '新增', '/backend/rbac/user/create', 'GET', 2, 6);
INSERT INTO `Node` (`ID`, `CreatedAt`, `UpdatedAt`, `DeletedAt`, `Pid`, `Name`, `URL`, `Methods`, `IsMenu`, `SortID`) VALUES (21, '2019-08-31 19:50:12', '2019-08-31 19:50:12', NULL, 19, '保存', '/backend/rbac/user', 'POST', 2, 5);
INSERT INTO `Node` (`ID`, `CreatedAt`, `UpdatedAt`, `DeletedAt`, `Pid`, `Name`, `URL`, `Methods`, `IsMenu`, `SortID`) VALUES (22, '2019-08-31 19:50:12', '2019-08-31 19:50:12', NULL, 19, '编辑', '/backend/rbac/user/edit/:id', 'GET', 2, 4);
INSERT INTO `Node` (`ID`, `CreatedAt`, `UpdatedAt`, `DeletedAt`, `Pid`, `Name`, `URL`, `Methods`, `IsMenu`, `SortID`) VALUES (23, '2019-08-31 19:50:12', '2019-08-31 20:30:34', NULL, 19, '更新', '/backend/rbac/user/update/:id', 'PUT', 2, 3);
INSERT INTO `Node` (`ID`, `CreatedAt`, `UpdatedAt`, `DeletedAt`, `Pid`, `Name`, `URL`, `Methods`, `IsMenu`, `SortID`) VALUES (24, '2019-08-31 19:50:12', '2019-08-31 19:50:12', NULL, 19, '删除', '/backend/rbac/user/delete/:id', 'DELETE', 2, 2);
INSERT INTO `Node` (`ID`, `CreatedAt`, `UpdatedAt`, `DeletedAt`, `Pid`, `Name`, `URL`, `Methods`, `IsMenu`, `SortID`) VALUES (25, '2019-08-31 19:50:12', '2019-08-31 21:00:00', NULL, 19, '查看', '/backend/rbac/user/show/:id', 'GET', 2, 1);
INSERT INTO `Node` (`ID`, `CreatedAt`, `UpdatedAt`, `DeletedAt`, `Pid`, `Name`, `URL`, `Methods`, `IsMenu`, `SortID`) VALUES (26, '2019-08-31 19:50:41', '2019-08-31 20:56:02', NULL, 19, '设置角色', '/backend/rbac/user/role/:id', 'GET,POST', 2, 1991);
INSERT INTO `Node` (`ID`, `CreatedAt`, `UpdatedAt`, `DeletedAt`, `Pid`, `Name`, `URL`, `Methods`, `IsMenu`, `SortID`) VALUES (27, '2019-08-31 19:51:09', '2019-08-31 19:51:09', NULL, 18, '角色', '/backend/rbac/role', 'GET', 1, 1991);
INSERT INTO `Node` (`ID`, `CreatedAt`, `UpdatedAt`, `DeletedAt`, `Pid`, `Name`, `URL`, `Methods`, `IsMenu`, `SortID`) VALUES (28, '2019-08-31 19:51:09', '2019-08-31 19:54:35', NULL, 27, '新增', '/backend/rbac/role/create/:pid', 'GET', 2, 6);
INSERT INTO `Node` (`ID`, `CreatedAt`, `UpdatedAt`, `DeletedAt`, `Pid`, `Name`, `URL`, `Methods`, `IsMenu`, `SortID`) VALUES (29, '2019-08-31 19:51:09', '2019-08-31 19:51:09', NULL, 27, '保存', '/backend/rbac/role', 'POST', 2, 5);
INSERT INTO `Node` (`ID`, `CreatedAt`, `UpdatedAt`, `DeletedAt`, `Pid`, `Name`, `URL`, `Methods`, `IsMenu`, `SortID`) VALUES (30, '2019-08-31 19:51:09', '2019-08-31 19:51:09', NULL, 27, '编辑', '/backend/rbac/role/edit/:id', 'GET', 2, 4);
INSERT INTO `Node` (`ID`, `CreatedAt`, `UpdatedAt`, `DeletedAt`, `Pid`, `Name`, `URL`, `Methods`, `IsMenu`, `SortID`) VALUES (31, '2019-08-31 19:51:09', '2019-08-31 20:30:46', NULL, 27, '更新', '/backend/rbac/role/update/:id', 'PUT', 2, 3);
INSERT INTO `Node` (`ID`, `CreatedAt`, `UpdatedAt`, `DeletedAt`, `Pid`, `Name`, `URL`, `Methods`, `IsMenu`, `SortID`) VALUES (32, '2019-08-31 19:51:09', '2019-08-31 19:51:09', NULL, 27, '删除', '/backend/rbac/role/delete/:id', 'DELETE', 2, 2);
INSERT INTO `Node` (`ID`, `CreatedAt`, `UpdatedAt`, `DeletedAt`, `Pid`, `Name`, `URL`, `Methods`, `IsMenu`, `SortID`) VALUES (33, '2019-08-31 19:51:09', '2019-08-31 20:59:53', NULL, 27, '查看', '/backend/rbac/role/show/:id', 'GET', 2, 1);
INSERT INTO `Node` (`ID`, `CreatedAt`, `UpdatedAt`, `DeletedAt`, `Pid`, `Name`, `URL`, `Methods`, `IsMenu`, `SortID`) VALUES (34, '2019-08-31 19:51:25', '2019-08-31 20:55:51', NULL, 27, '设置节点', '/backend/rbac/role/node/:id', 'GET,POST', 2, 1991);
INSERT INTO `Node` (`ID`, `CreatedAt`, `UpdatedAt`, `DeletedAt`, `Pid`, `Name`, `URL`, `Methods`, `IsMenu`, `SortID`) VALUES (35, '2019-08-31 19:52:14', '2019-08-31 19:52:14', NULL, 18, '节点', '/backend/rbac/node', 'GET', 1, 1991);
INSERT INTO `Node` (`ID`, `CreatedAt`, `UpdatedAt`, `DeletedAt`, `Pid`, `Name`, `URL`, `Methods`, `IsMenu`, `SortID`) VALUES (36, '2019-08-31 19:52:14', '2019-08-31 19:54:09', NULL, 35, '新增', '/backend/rbac/node/create/:pid', 'GET', 2, 6);
INSERT INTO `Node` (`ID`, `CreatedAt`, `UpdatedAt`, `DeletedAt`, `Pid`, `Name`, `URL`, `Methods`, `IsMenu`, `SortID`) VALUES (37, '2019-08-31 19:52:14', '2019-08-31 19:52:14', NULL, 35, '保存', '/backend/rbac/node', 'POST', 2, 5);
INSERT INTO `Node` (`ID`, `CreatedAt`, `UpdatedAt`, `DeletedAt`, `Pid`, `Name`, `URL`, `Methods`, `IsMenu`, `SortID`) VALUES (38, '2019-08-31 19:52:14', '2019-08-31 19:52:14', NULL, 35, '编辑', '/backend/rbac/node/edit/:id', 'GET', 2, 4);
INSERT INTO `Node` (`ID`, `CreatedAt`, `UpdatedAt`, `DeletedAt`, `Pid`, `Name`, `URL`, `Methods`, `IsMenu`, `SortID`) VALUES (39, '2019-08-31 19:52:14', '2019-08-31 19:52:14', NULL, 35, '更新', '/backend/rbac/node/update/:id', 'PUT', 2, 3);
INSERT INTO `Node` (`ID`, `CreatedAt`, `UpdatedAt`, `DeletedAt`, `Pid`, `Name`, `URL`, `Methods`, `IsMenu`, `SortID`) VALUES (40, '2019-08-31 19:52:14', '2019-08-31 19:52:14', NULL, 35, '删除', '/backend/rbac/node/delete/:id', 'DELETE', 2, 2);
INSERT INTO `Node` (`ID`, `CreatedAt`, `UpdatedAt`, `DeletedAt`, `Pid`, `Name`, `URL`, `Methods`, `IsMenu`, `SortID`) VALUES (41, '2019-08-31 19:52:14', '2019-08-31 20:59:44', NULL, 35, '查看', '/backend/rbac/node/show/:id', 'GET', 2, 1);
INSERT INTO `Node` (`ID`, `CreatedAt`, `UpdatedAt`, `DeletedAt`, `Pid`, `Name`, `URL`, `Methods`, `IsMenu`, `SortID`) VALUES (42, '2019-08-31 19:55:10', '2019-08-31 19:55:10', NULL, 0, '用户管理', '/backend/user', 'GET', 1, 1991);
INSERT INTO `Node` (`ID`, `CreatedAt`, `UpdatedAt`, `DeletedAt`, `Pid`, `Name`, `URL`, `Methods`, `IsMenu`, `SortID`) VALUES (43, '2019-08-31 19:55:11', '2019-08-31 19:55:11', NULL, 42, '新增', '/backend/user/create', 'GET', 2, 6);
INSERT INTO `Node` (`ID`, `CreatedAt`, `UpdatedAt`, `DeletedAt`, `Pid`, `Name`, `URL`, `Methods`, `IsMenu`, `SortID`) VALUES (44, '2019-08-31 19:55:11', '2019-08-31 19:55:11', NULL, 42, '保存', '/backend/user', 'POST', 2, 5);
INSERT INTO `Node` (`ID`, `CreatedAt`, `UpdatedAt`, `DeletedAt`, `Pid`, `Name`, `URL`, `Methods`, `IsMenu`, `SortID`) VALUES (45, '2019-08-31 19:55:11', '2019-08-31 19:55:11', NULL, 42, '编辑', '/backend/user/edit/:id', 'GET', 2, 4);
INSERT INTO `Node` (`ID`, `CreatedAt`, `UpdatedAt`, `DeletedAt`, `Pid`, `Name`, `URL`, `Methods`, `IsMenu`, `SortID`) VALUES (46, '2019-08-31 19:55:11', '2019-08-31 20:31:05', NULL, 42, '更新', '/backend/user/update/:id', 'PUT', 2, 3);
INSERT INTO `Node` (`ID`, `CreatedAt`, `UpdatedAt`, `DeletedAt`, `Pid`, `Name`, `URL`, `Methods`, `IsMenu`, `SortID`) VALUES (47, '2019-08-31 19:55:11', '2019-08-31 19:55:11', NULL, 42, '删除', '/backend/user/delete/:id', 'DELETE', 2, 2);
INSERT INTO `Node` (`ID`, `CreatedAt`, `UpdatedAt`, `DeletedAt`, `Pid`, `Name`, `URL`, `Methods`, `IsMenu`, `SortID`) VALUES (48, '2019-08-31 19:55:11', '2019-08-31 20:59:37', NULL, 42, '查看', '/backend/user/show/:id', 'GET', 2, 1);
INSERT INTO `Node` (`ID`, `CreatedAt`, `UpdatedAt`, `DeletedAt`, `Pid`, `Name`, `URL`, `Methods`, `IsMenu`, `SortID`) VALUES (49, '2019-08-31 20:22:50', '2019-08-31 20:22:50', NULL, 1, '后台骨架', '/backend/skeleton', 'GET', 0, 1991);
INSERT INTO `Node` (`ID`, `CreatedAt`, `UpdatedAt`, `DeletedAt`, `Pid`, `Name`, `URL`, `Methods`, `IsMenu`, `SortID`) VALUES (50, '2019-09-21 20:19:27', '2019-09-21 20:19:27', NULL, 3, '内容', '/backend/article/content', 'GET', 1, 1991);
INSERT INTO `Node` (`ID`, `CreatedAt`, `UpdatedAt`, `DeletedAt`, `Pid`, `Name`, `URL`, `Methods`, `IsMenu`, `SortID`) VALUES (51, '2019-09-21 20:19:27', '2019-09-21 20:19:27', NULL, 50, '新增', '/backend/article/content/create', 'GET', 2, 6);
INSERT INTO `Node` (`ID`, `CreatedAt`, `UpdatedAt`, `DeletedAt`, `Pid`, `Name`, `URL`, `Methods`, `IsMenu`, `SortID`) VALUES (52, '2019-09-21 20:19:27', '2019-09-21 20:19:27', NULL, 50, '保存', '/backend/article/content', 'POST', 2, 5);
INSERT INTO `Node` (`ID`, `CreatedAt`, `UpdatedAt`, `DeletedAt`, `Pid`, `Name`, `URL`, `Methods`, `IsMenu`, `SortID`) VALUES (53, '2019-09-21 20:19:27', '2019-09-21 20:19:27', NULL, 50, '编辑', '/backend/article/content/edit/:id', 'GET', 2, 4);
INSERT INTO `Node` (`ID`, `CreatedAt`, `UpdatedAt`, `DeletedAt`, `Pid`, `Name`, `URL`, `Methods`, `IsMenu`, `SortID`) VALUES (54, '2019-09-21 20:19:27', '2019-09-21 20:19:27', NULL, 50, '更新', '/backend/article/content/update/:id', 'PUT', 2, 3);
INSERT INTO `Node` (`ID`, `CreatedAt`, `UpdatedAt`, `DeletedAt`, `Pid`, `Name`, `URL`, `Methods`, `IsMenu`, `SortID`) VALUES (55, '2019-09-21 20:19:27', '2019-09-21 20:19:27', NULL, 50, '删除', '/backend/article/content/delete/:id', 'DELETE', 2, 2);
INSERT INTO `Node` (`ID`, `CreatedAt`, `UpdatedAt`, `DeletedAt`, `Pid`, `Name`, `URL`, `Methods`, `IsMenu`, `SortID`) VALUES (56, '2019-09-21 20:19:27', '2019-09-21 20:19:27', NULL, 50, '查看', '/backend/article/content/show/:id', 'GET', 2, 1);
INSERT INTO `Node` (`ID`, `CreatedAt`, `UpdatedAt`, `DeletedAt`, `Pid`, `Name`, `URL`, `Methods`, `IsMenu`, `SortID`) VALUES (57, '2019-09-22 11:08:56', '2019-09-22 11:08:56', NULL, 50, '返回文章分类', '/backend/article/content/category/:pid', 'GET', 0, 1991);
INSERT INTO `Node` (`ID`, `CreatedAt`, `UpdatedAt`, `DeletedAt`, `Pid`, `Name`, `URL`, `Methods`, `IsMenu`, `SortID`) VALUES (58, '2019-09-22 20:20:31', '2019-09-22 20:20:31', NULL, 50, '上传附件', '/backend/article/content/upload', 'POST', 0, 1991);
INSERT INTO `Node` (`ID`, `CreatedAt`, `UpdatedAt`, `DeletedAt`, `Pid`, `Name`, `URL`, `Methods`, `IsMenu`, `SortID`) VALUES (59, '2019-10-13 17:16:44', '2019-10-13 17:16:44', '2019-10-13 18:39:29', 50, '添加标签', '/backend/article/content/addTag', 'POST', 0, 1991);
INSERT INTO `Node` (`ID`, `CreatedAt`, `UpdatedAt`, `DeletedAt`, `Pid`, `Name`, `URL`, `Methods`, `IsMenu`, `SortID`) VALUES (60, '2019-10-20 22:26:36', '2019-10-20 22:26:36', NULL, 50, '设置上下线', '/backend/article/content/online/:id', 'PUT', 0, 1991);
INSERT INTO `Node` (`ID`, `CreatedAt`, `UpdatedAt`, `DeletedAt`, `Pid`, `Name`, `URL`, `Methods`, `IsMenu`, `SortID`) VALUES (61, '2019-10-21 17:46:56', '2019-10-21 17:46:56', NULL, 50, '批量删除', '/backend/article/content/delete-batch', 'PUT', 0, 1991);
INSERT INTO `Node` (`ID`, `CreatedAt`, `UpdatedAt`, `DeletedAt`, `Pid`, `Name`, `URL`, `Methods`, `IsMenu`, `SortID`) VALUES (62, '2019-11-22 21:47:47', '2019-11-22 21:47:47', NULL, 50, '返回文章标签', '/backend/article/content/tag', 'GET', 0, 1991);
INSERT INTO `Node` (`ID`, `CreatedAt`, `UpdatedAt`, `DeletedAt`, `Pid`, `Name`, `URL`, `Methods`, `IsMenu`, `SortID`) VALUES (63, '2019-11-26 17:32:32', '2019-11-26 17:32:32', NULL, 50, '自动添加新的标签', '/backend/article/content/tag', 'POST', 0, 1991);
INSERT INTO `Node` (`ID`, `CreatedAt`, `UpdatedAt`, `DeletedAt`, `Pid`, `Name`, `URL`, `Methods`, `IsMenu`, `SortID`) VALUES (64, '2019-12-08 11:11:35', '2019-12-08 11:14:21', NULL, 3, '附件', '/backend/article/attachment', 'GET', 1, 1991);
INSERT INTO `Node` (`ID`, `CreatedAt`, `UpdatedAt`, `DeletedAt`, `Pid`, `Name`, `URL`, `Methods`, `IsMenu`, `SortID`) VALUES (65, '2019-12-08 11:12:27', '2019-12-08 11:16:00', NULL, 64, '上传', '/backend/article/attachment/upload', 'POST', 2, 1991);
INSERT INTO `Node` (`ID`, `CreatedAt`, `UpdatedAt`, `DeletedAt`, `Pid`, `Name`, `URL`, `Methods`, `IsMenu`, `SortID`) VALUES (66, '2019-12-08 11:12:48', '2019-12-08 11:12:48', NULL, 64, '更新', '/backend/article/attachment/update/:id', 'PUT', 0, 1991);
INSERT INTO `Node` (`ID`, `CreatedAt`, `UpdatedAt`, `DeletedAt`, `Pid`, `Name`, `URL`, `Methods`, `IsMenu`, `SortID`) VALUES (67, '2019-12-08 11:13:08', '2019-12-08 11:13:08', NULL, 64, '删除', '/backend/article/attachment/delete/:id', 'DELETE', 0, 1991);
INSERT INTO `Node` (`ID`, `CreatedAt`, `UpdatedAt`, `DeletedAt`, `Pid`, `Name`, `URL`, `Methods`, `IsMenu`, `SortID`) VALUES (68, '2019-12-08 11:13:25', '2019-12-08 11:13:25', NULL, 64, '批量删除', '/backend/article/attachment/delete-batch', 'PUT', 0, 1991);
INSERT INTO `Node` (`ID`, `CreatedAt`, `UpdatedAt`, `DeletedAt`, `Pid`, `Name`, `URL`, `Methods`, `IsMenu`, `SortID`) VALUES (69, '2019-12-11 18:58:35', '2019-12-11 18:58:35', NULL, 64, '秒传校验', '/backend/article/attachment/check/:md5', 'GET', 0, 1991);
INSERT INTO `Node` (`ID`, `CreatedAt`, `UpdatedAt`, `DeletedAt`, `Pid`, `Name`, `URL`, `Methods`, `IsMenu`, `SortID`) VALUES (70, '2019-12-24 18:13:55', '2019-12-25 09:15:00', NULL, 50, '渲染markdown为html', '/backend/article/content/render', 'GET,POST', 2, 1991);

INSERT INTO `User` (`ID`, `CreatedAt`, `UpdatedAt`, `DeletedAt`, `Account`, `Password`, `Nickname`, `Identity`, `Status`, `LastTime`) VALUES (1, '2019-08-31 19:46:30', '2019-11-30 21:14:05', NULL, 'admin', '$2a$10$OodNQxCyahPzfTW1VWPy/u3ZZWGx0Z3PW38b2gU6VjrWDmOcIBihC', 'admin', 1, 1, '2019-11-30 21:14:05');
INSERT INTO `User` (`ID`, `CreatedAt`, `UpdatedAt`, `DeletedAt`, `Account`, `Password`, `Nickname`, `Identity`, `Status`, `LastTime`) VALUES (2, '2019-08-31 20:06:02', '2019-09-21 14:29:33', NULL, 'guest', '$2a$10$sw2Q9oLt33dZ0Qc38hheE.juH9z1G3mbhHd1jhikbvigqswiN6Ne.', 'guest', 2, 1, '2019-08-31 20:23:57');
INSERT INTO `User` (`ID`, `CreatedAt`, `UpdatedAt`, `DeletedAt`, `Account`, `Password`, `Nickname`, `Identity`, `Status`, `LastTime`) VALUES (3, '2019-08-31 21:01:21', '2019-08-31 21:01:21', NULL, 'fgsdfgsfg', '$2a$10$i4wx420ZFMaq/rhLO4t9fuSy7YdIO6FOi3j/CV361924cjlIUA47O', 'fgsfgsdfg', 1, 1, NULL);
INSERT INTO `User` (`ID`, `CreatedAt`, `UpdatedAt`, `DeletedAt`, `Account`, `Password`, `Nickname`, `Identity`, `Status`, `LastTime`) VALUES (4, '2019-08-31 21:08:54', '2019-08-31 21:13:06', NULL, 'asdafgh', '$2a$10$lNPX53UxyUY/OjmHnvJsfO7gx1mhjDoxxuHo4bssz2fwHayHKs4FG', 'dfghdfhfh', 2, 1, NULL);
INSERT INTO `User` (`ID`, `CreatedAt`, `UpdatedAt`, `DeletedAt`, `Account`, `Password`, `Nickname`, `Identity`, `Status`, `LastTime`) VALUES (5, '2019-09-01 21:39:04', '2019-09-01 23:18:25', NULL, 'test', '$2a$10$AfGjed4D840O/F/lmJ/bCO.4HrunLzbX..PThamH3ggU6Z1vsL/xi', 'dsfgdfgsdfg111', 1, 1, '2019-09-01 23:18:25');

INSERT INTO `UserRoleRelation` (`ID`, `CreatedAt`, `UserID`, `RoleID`) VALUES (1, '2019-08-31 19:58:47', 1, 1);
INSERT INTO `UserRoleRelation` (`ID`, `CreatedAt`, `UserID`, `RoleID`) VALUES (2, '2019-08-31 20:06:41', 2, 3);
INSERT INTO `UserRoleRelation` (`ID`, `CreatedAt`, `UserID`, `RoleID`) VALUES (6, '2019-09-01 23:17:49', 5, 2);

INSERT INTO `Role` (`ID`, `CreatedAt`, `UpdatedAt`, `DeletedAt`, `Pid`, `Name`, `SortID`) VALUES (1, '2019-08-31 19:56:19', '2019-08-31 19:56:19', NULL, 0, '超级管理员', 1991);
INSERT INTO `Role` (`ID`, `CreatedAt`, `UpdatedAt`, `DeletedAt`, `Pid`, `Name`, `SortID`) VALUES (2, '2019-08-31 19:56:36', '2019-08-31 19:56:36', NULL, 0, '普通管理员', 1991);
INSERT INTO `Role` (`ID`, `CreatedAt`, `UpdatedAt`, `DeletedAt`, `Pid`, `Name`, `SortID`) VALUES (3, '2019-08-31 19:56:40', '2019-09-01 22:45:11', NULL, 0, '来宾', 1991);
INSERT INTO `Role` (`ID`, `CreatedAt`, `UpdatedAt`, `DeletedAt`, `Pid`, `Name`, `SortID`) VALUES (4, '2019-09-01 22:57:16', '2019-09-01 22:59:24', '2019-09-01 22:59:26', 0, 'fdghdfghfghdfgh', 1991);

INSERT INTO `RoleNodeRelation` (`ID`, `CreatedAt`, `RoleID`, `NodeID`) VALUES (430, '2019-09-01 22:55:25', 3, 1);
INSERT INTO `RoleNodeRelation` (`ID`, `CreatedAt`, `RoleID`, `NodeID`) VALUES (431, '2019-09-01 22:55:25', 3, 49);
INSERT INTO `RoleNodeRelation` (`ID`, `CreatedAt`, `RoleID`, `NodeID`) VALUES (432, '2019-09-01 22:55:25', 3, 3);
INSERT INTO `RoleNodeRelation` (`ID`, `CreatedAt`, `RoleID`, `NodeID`) VALUES (433, '2019-09-01 22:55:25', 3, 4);
INSERT INTO `RoleNodeRelation` (`ID`, `CreatedAt`, `RoleID`, `NodeID`) VALUES (434, '2019-09-01 22:55:25', 3, 11);
INSERT INTO `RoleNodeRelation` (`ID`, `CreatedAt`, `RoleID`, `NodeID`) VALUES (435, '2019-09-01 22:55:25', 3, 18);
INSERT INTO `RoleNodeRelation` (`ID`, `CreatedAt`, `RoleID`, `NodeID`) VALUES (436, '2019-09-01 22:55:25', 3, 19);
INSERT INTO `RoleNodeRelation` (`ID`, `CreatedAt`, `RoleID`, `NodeID`) VALUES (437, '2019-09-01 22:55:25', 3, 27);
INSERT INTO `RoleNodeRelation` (`ID`, `CreatedAt`, `RoleID`, `NodeID`) VALUES (438, '2019-09-01 22:55:25', 3, 35);
INSERT INTO `RoleNodeRelation` (`ID`, `CreatedAt`, `RoleID`, `NodeID`) VALUES (439, '2019-09-01 22:55:25', 3, 42);
INSERT INTO `RoleNodeRelation` (`ID`, `CreatedAt`, `RoleID`, `NodeID`) VALUES (489, '2019-09-01 22:57:40', 2, 1);
INSERT INTO `RoleNodeRelation` (`ID`, `CreatedAt`, `RoleID`, `NodeID`) VALUES (490, '2019-09-01 22:57:40', 2, 2);
INSERT INTO `RoleNodeRelation` (`ID`, `CreatedAt`, `RoleID`, `NodeID`) VALUES (491, '2019-09-01 22:57:40', 2, 49);
INSERT INTO `RoleNodeRelation` (`ID`, `CreatedAt`, `RoleID`, `NodeID`) VALUES (492, '2019-09-01 22:57:40', 2, 3);
INSERT INTO `RoleNodeRelation` (`ID`, `CreatedAt`, `RoleID`, `NodeID`) VALUES (493, '2019-09-01 22:57:40', 2, 4);
INSERT INTO `RoleNodeRelation` (`ID`, `CreatedAt`, `RoleID`, `NodeID`) VALUES (494, '2019-09-01 22:57:40', 2, 5);
INSERT INTO `RoleNodeRelation` (`ID`, `CreatedAt`, `RoleID`, `NodeID`) VALUES (495, '2019-09-01 22:57:40', 2, 6);
INSERT INTO `RoleNodeRelation` (`ID`, `CreatedAt`, `RoleID`, `NodeID`) VALUES (496, '2019-09-01 22:57:40', 2, 7);
INSERT INTO `RoleNodeRelation` (`ID`, `CreatedAt`, `RoleID`, `NodeID`) VALUES (497, '2019-09-01 22:57:40', 2, 8);
INSERT INTO `RoleNodeRelation` (`ID`, `CreatedAt`, `RoleID`, `NodeID`) VALUES (498, '2019-09-01 22:57:40', 2, 9);
INSERT INTO `RoleNodeRelation` (`ID`, `CreatedAt`, `RoleID`, `NodeID`) VALUES (499, '2019-09-01 22:57:40', 2, 10);
INSERT INTO `RoleNodeRelation` (`ID`, `CreatedAt`, `RoleID`, `NodeID`) VALUES (500, '2019-09-01 22:57:40', 2, 11);
INSERT INTO `RoleNodeRelation` (`ID`, `CreatedAt`, `RoleID`, `NodeID`) VALUES (501, '2019-09-01 22:57:40', 2, 12);
INSERT INTO `RoleNodeRelation` (`ID`, `CreatedAt`, `RoleID`, `NodeID`) VALUES (502, '2019-09-01 22:57:40', 2, 13);
INSERT INTO `RoleNodeRelation` (`ID`, `CreatedAt`, `RoleID`, `NodeID`) VALUES (503, '2019-09-01 22:57:40', 2, 14);
INSERT INTO `RoleNodeRelation` (`ID`, `CreatedAt`, `RoleID`, `NodeID`) VALUES (504, '2019-09-01 22:57:40', 2, 15);
INSERT INTO `RoleNodeRelation` (`ID`, `CreatedAt`, `RoleID`, `NodeID`) VALUES (505, '2019-09-01 22:57:40', 2, 16);
INSERT INTO `RoleNodeRelation` (`ID`, `CreatedAt`, `RoleID`, `NodeID`) VALUES (506, '2019-09-01 22:57:40', 2, 17);
INSERT INTO `RoleNodeRelation` (`ID`, `CreatedAt`, `RoleID`, `NodeID`) VALUES (507, '2019-09-01 22:57:40', 2, 42);
INSERT INTO `RoleNodeRelation` (`ID`, `CreatedAt`, `RoleID`, `NodeID`) VALUES (508, '2019-09-01 22:57:40', 2, 43);
INSERT INTO `RoleNodeRelation` (`ID`, `CreatedAt`, `RoleID`, `NodeID`) VALUES (509, '2019-09-01 22:57:40', 2, 44);
INSERT INTO `RoleNodeRelation` (`ID`, `CreatedAt`, `RoleID`, `NodeID`) VALUES (510, '2019-09-01 22:57:40', 2, 45);
INSERT INTO `RoleNodeRelation` (`ID`, `CreatedAt`, `RoleID`, `NodeID`) VALUES (511, '2019-09-01 22:57:40', 2, 46);
INSERT INTO `RoleNodeRelation` (`ID`, `CreatedAt`, `RoleID`, `NodeID`) VALUES (512, '2019-09-01 22:57:40', 2, 47);
INSERT INTO `RoleNodeRelation` (`ID`, `CreatedAt`, `RoleID`, `NodeID`) VALUES (513, '2019-09-01 22:57:40', 2, 48);
INSERT INTO `RoleNodeRelation` (`ID`, `CreatedAt`, `RoleID`, `NodeID`) VALUES (1745, '2019-12-24 18:13:55', 1, 1);
INSERT INTO `RoleNodeRelation` (`ID`, `CreatedAt`, `RoleID`, `NodeID`) VALUES (1746, '2019-12-24 18:13:55', 1, 2);
INSERT INTO `RoleNodeRelation` (`ID`, `CreatedAt`, `RoleID`, `NodeID`) VALUES (1747, '2019-12-24 18:13:55', 1, 3);
INSERT INTO `RoleNodeRelation` (`ID`, `CreatedAt`, `RoleID`, `NodeID`) VALUES (1748, '2019-12-24 18:13:55', 1, 4);
INSERT INTO `RoleNodeRelation` (`ID`, `CreatedAt`, `RoleID`, `NodeID`) VALUES (1749, '2019-12-24 18:13:55', 1, 11);
INSERT INTO `RoleNodeRelation` (`ID`, `CreatedAt`, `RoleID`, `NodeID`) VALUES (1750, '2019-12-24 18:13:55', 1, 18);
INSERT INTO `RoleNodeRelation` (`ID`, `CreatedAt`, `RoleID`, `NodeID`) VALUES (1751, '2019-12-24 18:13:55', 1, 19);
INSERT INTO `RoleNodeRelation` (`ID`, `CreatedAt`, `RoleID`, `NodeID`) VALUES (1752, '2019-12-24 18:13:55', 1, 26);
INSERT INTO `RoleNodeRelation` (`ID`, `CreatedAt`, `RoleID`, `NodeID`) VALUES (1753, '2019-12-24 18:13:55', 1, 27);
INSERT INTO `RoleNodeRelation` (`ID`, `CreatedAt`, `RoleID`, `NodeID`) VALUES (1754, '2019-12-24 18:13:55', 1, 34);
INSERT INTO `RoleNodeRelation` (`ID`, `CreatedAt`, `RoleID`, `NodeID`) VALUES (1755, '2019-12-24 18:13:55', 1, 35);
INSERT INTO `RoleNodeRelation` (`ID`, `CreatedAt`, `RoleID`, `NodeID`) VALUES (1756, '2019-12-24 18:13:55', 1, 42);
INSERT INTO `RoleNodeRelation` (`ID`, `CreatedAt`, `RoleID`, `NodeID`) VALUES (1757, '2019-12-24 18:13:55', 1, 49);
INSERT INTO `RoleNodeRelation` (`ID`, `CreatedAt`, `RoleID`, `NodeID`) VALUES (1758, '2019-12-24 18:13:55', 1, 50);
INSERT INTO `RoleNodeRelation` (`ID`, `CreatedAt`, `RoleID`, `NodeID`) VALUES (1759, '2019-12-24 18:13:55', 1, 57);
INSERT INTO `RoleNodeRelation` (`ID`, `CreatedAt`, `RoleID`, `NodeID`) VALUES (1760, '2019-12-24 18:13:55', 1, 58);
INSERT INTO `RoleNodeRelation` (`ID`, `CreatedAt`, `RoleID`, `NodeID`) VALUES (1761, '2019-12-24 18:13:55', 1, 60);
INSERT INTO `RoleNodeRelation` (`ID`, `CreatedAt`, `RoleID`, `NodeID`) VALUES (1762, '2019-12-24 18:13:55', 1, 61);
INSERT INTO `RoleNodeRelation` (`ID`, `CreatedAt`, `RoleID`, `NodeID`) VALUES (1763, '2019-12-24 18:13:55', 1, 62);
INSERT INTO `RoleNodeRelation` (`ID`, `CreatedAt`, `RoleID`, `NodeID`) VALUES (1764, '2019-12-24 18:13:55', 1, 63);
INSERT INTO `RoleNodeRelation` (`ID`, `CreatedAt`, `RoleID`, `NodeID`) VALUES (1765, '2019-12-24 18:13:55', 1, 64);
INSERT INTO `RoleNodeRelation` (`ID`, `CreatedAt`, `RoleID`, `NodeID`) VALUES (1766, '2019-12-24 18:13:55', 1, 65);
INSERT INTO `RoleNodeRelation` (`ID`, `CreatedAt`, `RoleID`, `NodeID`) VALUES (1767, '2019-12-24 18:13:55', 1, 66);
INSERT INTO `RoleNodeRelation` (`ID`, `CreatedAt`, `RoleID`, `NodeID`) VALUES (1768, '2019-12-24 18:13:55', 1, 67);
INSERT INTO `RoleNodeRelation` (`ID`, `CreatedAt`, `RoleID`, `NodeID`) VALUES (1769, '2019-12-24 18:13:55', 1, 68);
INSERT INTO `RoleNodeRelation` (`ID`, `CreatedAt`, `RoleID`, `NodeID`) VALUES (1770, '2019-12-24 18:13:55', 1, 69);
INSERT INTO `RoleNodeRelation` (`ID`, `CreatedAt`, `RoleID`, `NodeID`) VALUES (1771, '2019-12-24 18:13:55', 1, 70);
INSERT INTO `RoleNodeRelation` (`ID`, `CreatedAt`, `RoleID`, `NodeID`) VALUES (1772, '2019-12-24 18:13:55', 1, 5);
INSERT INTO `RoleNodeRelation` (`ID`, `CreatedAt`, `RoleID`, `NodeID`) VALUES (1773, '2019-12-24 18:13:55', 1, 12);
INSERT INTO `RoleNodeRelation` (`ID`, `CreatedAt`, `RoleID`, `NodeID`) VALUES (1774, '2019-12-24 18:13:55', 1, 20);
INSERT INTO `RoleNodeRelation` (`ID`, `CreatedAt`, `RoleID`, `NodeID`) VALUES (1775, '2019-12-24 18:13:55', 1, 28);
INSERT INTO `RoleNodeRelation` (`ID`, `CreatedAt`, `RoleID`, `NodeID`) VALUES (1776, '2019-12-24 18:13:55', 1, 36);
INSERT INTO `RoleNodeRelation` (`ID`, `CreatedAt`, `RoleID`, `NodeID`) VALUES (1777, '2019-12-24 18:13:55', 1, 43);
INSERT INTO `RoleNodeRelation` (`ID`, `CreatedAt`, `RoleID`, `NodeID`) VALUES (1778, '2019-12-24 18:13:55', 1, 51);
INSERT INTO `RoleNodeRelation` (`ID`, `CreatedAt`, `RoleID`, `NodeID`) VALUES (1779, '2019-12-24 18:13:55', 1, 6);
INSERT INTO `RoleNodeRelation` (`ID`, `CreatedAt`, `RoleID`, `NodeID`) VALUES (1780, '2019-12-24 18:13:55', 1, 13);
INSERT INTO `RoleNodeRelation` (`ID`, `CreatedAt`, `RoleID`, `NodeID`) VALUES (1781, '2019-12-24 18:13:55', 1, 21);
INSERT INTO `RoleNodeRelation` (`ID`, `CreatedAt`, `RoleID`, `NodeID`) VALUES (1782, '2019-12-24 18:13:55', 1, 29);
INSERT INTO `RoleNodeRelation` (`ID`, `CreatedAt`, `RoleID`, `NodeID`) VALUES (1783, '2019-12-24 18:13:55', 1, 37);
INSERT INTO `RoleNodeRelation` (`ID`, `CreatedAt`, `RoleID`, `NodeID`) VALUES (1784, '2019-12-24 18:13:55', 1, 44);
INSERT INTO `RoleNodeRelation` (`ID`, `CreatedAt`, `RoleID`, `NodeID`) VALUES (1785, '2019-12-24 18:13:55', 1, 52);
INSERT INTO `RoleNodeRelation` (`ID`, `CreatedAt`, `RoleID`, `NodeID`) VALUES (1786, '2019-12-24 18:13:55', 1, 7);
INSERT INTO `RoleNodeRelation` (`ID`, `CreatedAt`, `RoleID`, `NodeID`) VALUES (1787, '2019-12-24 18:13:55', 1, 14);
INSERT INTO `RoleNodeRelation` (`ID`, `CreatedAt`, `RoleID`, `NodeID`) VALUES (1788, '2019-12-24 18:13:55', 1, 22);
INSERT INTO `RoleNodeRelation` (`ID`, `CreatedAt`, `RoleID`, `NodeID`) VALUES (1789, '2019-12-24 18:13:55', 1, 30);
INSERT INTO `RoleNodeRelation` (`ID`, `CreatedAt`, `RoleID`, `NodeID`) VALUES (1790, '2019-12-24 18:13:55', 1, 38);
INSERT INTO `RoleNodeRelation` (`ID`, `CreatedAt`, `RoleID`, `NodeID`) VALUES (1791, '2019-12-24 18:13:55', 1, 45);
INSERT INTO `RoleNodeRelation` (`ID`, `CreatedAt`, `RoleID`, `NodeID`) VALUES (1792, '2019-12-24 18:13:55', 1, 53);
INSERT INTO `RoleNodeRelation` (`ID`, `CreatedAt`, `RoleID`, `NodeID`) VALUES (1793, '2019-12-24 18:13:55', 1, 8);
INSERT INTO `RoleNodeRelation` (`ID`, `CreatedAt`, `RoleID`, `NodeID`) VALUES (1794, '2019-12-24 18:13:55', 1, 15);
INSERT INTO `RoleNodeRelation` (`ID`, `CreatedAt`, `RoleID`, `NodeID`) VALUES (1795, '2019-12-24 18:13:55', 1, 23);
INSERT INTO `RoleNodeRelation` (`ID`, `CreatedAt`, `RoleID`, `NodeID`) VALUES (1796, '2019-12-24 18:13:55', 1, 31);
INSERT INTO `RoleNodeRelation` (`ID`, `CreatedAt`, `RoleID`, `NodeID`) VALUES (1797, '2019-12-24 18:13:55', 1, 39);
INSERT INTO `RoleNodeRelation` (`ID`, `CreatedAt`, `RoleID`, `NodeID`) VALUES (1798, '2019-12-24 18:13:55', 1, 46);
INSERT INTO `RoleNodeRelation` (`ID`, `CreatedAt`, `RoleID`, `NodeID`) VALUES (1799, '2019-12-24 18:13:55', 1, 54);
INSERT INTO `RoleNodeRelation` (`ID`, `CreatedAt`, `RoleID`, `NodeID`) VALUES (1800, '2019-12-24 18:13:55', 1, 9);
INSERT INTO `RoleNodeRelation` (`ID`, `CreatedAt`, `RoleID`, `NodeID`) VALUES (1801, '2019-12-24 18:13:55', 1, 16);
INSERT INTO `RoleNodeRelation` (`ID`, `CreatedAt`, `RoleID`, `NodeID`) VALUES (1802, '2019-12-24 18:13:55', 1, 24);
INSERT INTO `RoleNodeRelation` (`ID`, `CreatedAt`, `RoleID`, `NodeID`) VALUES (1803, '2019-12-24 18:13:55', 1, 32);
INSERT INTO `RoleNodeRelation` (`ID`, `CreatedAt`, `RoleID`, `NodeID`) VALUES (1804, '2019-12-24 18:13:55', 1, 40);
INSERT INTO `RoleNodeRelation` (`ID`, `CreatedAt`, `RoleID`, `NodeID`) VALUES (1805, '2019-12-24 18:13:55', 1, 47);
INSERT INTO `RoleNodeRelation` (`ID`, `CreatedAt`, `RoleID`, `NodeID`) VALUES (1806, '2019-12-24 18:13:55', 1, 55);
INSERT INTO `RoleNodeRelation` (`ID`, `CreatedAt`, `RoleID`, `NodeID`) VALUES (1807, '2019-12-24 18:13:55', 1, 10);
INSERT INTO `RoleNodeRelation` (`ID`, `CreatedAt`, `RoleID`, `NodeID`) VALUES (1808, '2019-12-24 18:13:55', 1, 17);
INSERT INTO `RoleNodeRelation` (`ID`, `CreatedAt`, `RoleID`, `NodeID`) VALUES (1809, '2019-12-24 18:13:55', 1, 25);
INSERT INTO `RoleNodeRelation` (`ID`, `CreatedAt`, `RoleID`, `NodeID`) VALUES (1810, '2019-12-24 18:13:55', 1, 33);
INSERT INTO `RoleNodeRelation` (`ID`, `CreatedAt`, `RoleID`, `NodeID`) VALUES (1811, '2019-12-24 18:13:55', 1, 41);
INSERT INTO `RoleNodeRelation` (`ID`, `CreatedAt`, `RoleID`, `NodeID`) VALUES (1812, '2019-12-24 18:13:55', 1, 48);
INSERT INTO `RoleNodeRelation` (`ID`, `CreatedAt`, `RoleID`, `NodeID`) VALUES (1813, '2019-12-24 18:13:55', 1, 56);

INSERT INTO `Category` (`ID`, `CreatedAt`, `UpdatedAt`, `DeletedAt`, `Pid`, `Name`, `SortID`) VALUES (1, '2019-10-23 16:50:37', '2019-10-23 16:50:37', '2019-11-22 21:51:27', 0, 'sdadsf', 1991);
INSERT INTO `Category` (`ID`, `CreatedAt`, `UpdatedAt`, `DeletedAt`, `Pid`, `Name`, `SortID`) VALUES (2, '2019-10-23 16:50:40', '2019-10-23 16:50:40', '2019-11-22 21:51:27', 0, '规划的风格和', 1991);
INSERT INTO `Category` (`ID`, `CreatedAt`, `UpdatedAt`, `DeletedAt`, `Pid`, `Name`, `SortID`) VALUES (3, '2019-10-23 16:50:42', '2019-10-23 16:50:42', '2019-11-22 21:51:27', 0, '的翻跟斗风格和', 1991);
INSERT INTO `Category` (`ID`, `CreatedAt`, `UpdatedAt`, `DeletedAt`, `Pid`, `Name`, `SortID`) VALUES (4, '2019-10-23 16:50:44', '2019-10-23 16:50:44', '2019-11-22 21:51:27', 0, '的翻跟斗风格和', 1991);
INSERT INTO `Category` (`ID`, `CreatedAt`, `UpdatedAt`, `DeletedAt`, `Pid`, `Name`, `SortID`) VALUES (5, '2019-10-23 16:50:47', '2019-10-23 16:50:47', '2019-11-22 21:51:27', 0, '的翻跟斗广泛和', 1991);
INSERT INTO `Category` (`ID`, `CreatedAt`, `UpdatedAt`, `DeletedAt`, `Pid`, `Name`, `SortID`) VALUES (6, '2019-11-22 21:51:34', '2019-11-22 21:51:34', NULL, 0, '计算机', 1991);
INSERT INTO `Category` (`ID`, `CreatedAt`, `UpdatedAt`, `DeletedAt`, `Pid`, `Name`, `SortID`) VALUES (7, '2019-11-22 21:51:48', '2019-11-22 21:51:48', NULL, 6, '前端', 1991);
INSERT INTO `Category` (`ID`, `CreatedAt`, `UpdatedAt`, `DeletedAt`, `Pid`, `Name`, `SortID`) VALUES (8, '2019-11-22 21:51:53', '2019-11-22 21:51:53', NULL, 6, '后端', 1991);
INSERT INTO `Category` (`ID`, `CreatedAt`, `UpdatedAt`, `DeletedAt`, `Pid`, `Name`, `SortID`) VALUES (9, '2019-11-22 21:52:01', '2019-11-22 21:52:01', NULL, 6, '算法', 1991);
INSERT INTO `Category` (`ID`, `CreatedAt`, `UpdatedAt`, `DeletedAt`, `Pid`, `Name`, `SortID`) VALUES (10, '2019-11-22 21:52:34', '2019-11-22 21:52:34', NULL, 6, '祖传代码', 1991);
INSERT INTO `Category` (`ID`, `CreatedAt`, `UpdatedAt`, `DeletedAt`, `Pid`, `Name`, `SortID`) VALUES (11, '2019-11-22 21:52:43', '2019-11-22 21:52:43', NULL, 0, '随笔', 1991);
INSERT INTO `Category` (`ID`, `CreatedAt`, `UpdatedAt`, `DeletedAt`, `Pid`, `Name`, `SortID`) VALUES (12, '2019-11-22 21:52:54', '2019-11-22 21:52:54', NULL, 11, '天下事', 1991);

INSERT INTO `Attachment` (`ID`, `CreatedAt`, `UpdatedAt`, `DeletedAt`, `Name`, `Path`, `Ext`, `Folder`, `Size`, `MD5`) VALUES (347, '2019-12-24 16:37:56', '2019-12-24 16:37:56', NULL, '2.jpg', 'uploads/201912/227269d18b632ebb.jpg', 'jpg', './', 198804, '44fd86e6df6c4bcf2fe7e46b1a644a16');
INSERT INTO `Attachment` (`ID`, `CreatedAt`, `UpdatedAt`, `DeletedAt`, `Name`, `Path`, `Ext`, `Folder`, `Size`, `MD5`) VALUES (348, '2019-12-24 16:37:56', '2019-12-24 16:37:56', NULL, '3.jpg', 'uploads/201912/29f6763566bc6eac.jpg', 'jpg', './', 283850, 'fd0cf4fbcc97a56245ea6116f735feff');
INSERT INTO `Attachment` (`ID`, `CreatedAt`, `UpdatedAt`, `DeletedAt`, `Name`, `Path`, `Ext`, `Folder`, `Size`, `MD5`) VALUES (349, '2019-12-24 16:37:56', '2019-12-24 16:37:56', NULL, '4.jpg', 'uploads/201912/ab960d5ba113d9ff.jpg', 'jpg', './', 82221, 'ec24faf2abef603b5f46087015a0dc55');

INSERT INTO `Tag` (`ID`, `CreatedAt`, `UpdatedAt`, `DeletedAt`, `Name`) VALUES (1, '2019-08-31 20:07:33', '2019-08-31 20:07:33', '2019-08-31 20:07:35', 'test');
INSERT INTO `Tag` (`ID`, `CreatedAt`, `UpdatedAt`, `DeletedAt`, `Name`) VALUES (2, '2019-08-31 20:10:36', '2019-08-31 20:10:44', '2019-08-31 20:10:51', 'test');
INSERT INTO `Tag` (`ID`, `CreatedAt`, `UpdatedAt`, `DeletedAt`, `Name`) VALUES (3, '2019-08-31 20:24:24', '2019-08-31 20:24:24', '2019-08-31 20:24:27', 'aa');
INSERT INTO `Tag` (`ID`, `CreatedAt`, `UpdatedAt`, `DeletedAt`, `Name`) VALUES (4, '2019-08-31 20:25:04', '2019-08-31 20:25:04', '2019-08-31 20:25:12', 'dffg');
INSERT INTO `Tag` (`ID`, `CreatedAt`, `UpdatedAt`, `DeletedAt`, `Name`) VALUES (5, '2019-08-31 20:31:14', '2019-08-31 20:36:33', '2019-08-31 20:38:43', 'asdfsdf');
INSERT INTO `Tag` (`ID`, `CreatedAt`, `UpdatedAt`, `DeletedAt`, `Name`) VALUES (6, '2019-08-31 20:39:27', '2019-09-01 22:19:33', '2019-09-01 22:20:00', 'testdfsdf');
INSERT INTO `Tag` (`ID`, `CreatedAt`, `UpdatedAt`, `DeletedAt`, `Name`) VALUES (7, '2019-08-31 20:56:44', '2019-08-31 20:56:44', '2019-08-31 20:57:06', 'sss');
INSERT INTO `Tag` (`ID`, `CreatedAt`, `UpdatedAt`, `DeletedAt`, `Name`) VALUES (8, '2019-09-01 22:19:37', '2019-09-01 22:19:37', '2019-09-01 22:19:58', 'sdfgsdfg');
INSERT INTO `Tag` (`ID`, `CreatedAt`, `UpdatedAt`, `DeletedAt`, `Name`) VALUES (9, '2019-09-01 22:19:39', '2019-09-01 22:19:53', '2019-09-01 22:19:56', 'dfdfgh111');
INSERT INTO `Tag` (`ID`, `CreatedAt`, `UpdatedAt`, `DeletedAt`, `Name`) VALUES (10, '2019-09-01 23:33:36', '2019-09-01 23:33:36', '2019-09-01 23:33:47', 'dvbbf');
INSERT INTO `Tag` (`ID`, `CreatedAt`, `UpdatedAt`, `DeletedAt`, `Name`) VALUES (11, '2019-09-01 23:33:38', '2019-09-01 23:33:38', '2019-09-01 23:33:45', 'hfjfgjh');
INSERT INTO `Tag` (`ID`, `CreatedAt`, `UpdatedAt`, `DeletedAt`, `Name`) VALUES (12, '2019-09-22 10:36:06', '2019-09-22 10:36:06', NULL, 'php');
INSERT INTO `Tag` (`ID`, `CreatedAt`, `UpdatedAt`, `DeletedAt`, `Name`) VALUES (13, '2019-09-22 10:36:18', '2019-09-22 10:36:18', NULL, '中国');
INSERT INTO `Tag` (`ID`, `CreatedAt`, `UpdatedAt`, `DeletedAt`, `Name`) VALUES (14, '2019-09-22 10:36:26', '2019-09-22 10:36:26', NULL, '南昌');
INSERT INTO `Tag` (`ID`, `CreatedAt`, `UpdatedAt`, `DeletedAt`, `Name`) VALUES (15, '2019-09-22 10:36:31', '2019-10-13 16:25:48', NULL, '赣州');
INSERT INTO `Tag` (`ID`, `CreatedAt`, `UpdatedAt`, `DeletedAt`, `Name`) VALUES (16, '2019-10-25 15:33:20', '2019-11-29 15:43:33', NULL, '上海');
INSERT INTO `Tag` (`ID`, `CreatedAt`, `UpdatedAt`, `DeletedAt`, `Name`) VALUES (17, '2019-11-26 17:33:44', '2019-11-26 17:33:44', NULL, 'test');
INSERT INTO `Tag` (`ID`, `CreatedAt`, `UpdatedAt`, `DeletedAt`, `Name`) VALUES (18, '2019-11-26 17:46:02', '2019-11-29 15:43:50', NULL, 'xxx');
INSERT INTO `Tag` (`ID`, `CreatedAt`, `UpdatedAt`, `DeletedAt`, `Name`) VALUES (19, '2019-11-29 15:33:43', '2019-11-29 15:33:43', NULL, '000');
INSERT INTO `Tag` (`ID`, `CreatedAt`, `UpdatedAt`, `DeletedAt`, `Name`) VALUES (20, '2019-12-24 15:07:37', '2019-12-24 15:07:37', NULL, '鼠年');

INSERT INTO `Content` (`ID`, `CreatedAt`, `UpdatedAt`, `DeletedAt`, `Title`, `Body`, `Hits`, `Online`, `Category`, `CoverPC`, `CoverWAP`, `Origin`, `HTML`) VALUES (43, '2019-12-24 14:23:11', '2019-12-24 15:46:33', NULL, '都是十分', '啊手动阀第三方
', 0, 2, 6, '', '', '', NULL);
INSERT INTO `Content` (`ID`, `CreatedAt`, `UpdatedAt`, `DeletedAt`, `Title`, `Body`, `Hits`, `Online`, `Category`, `CoverPC`, `CoverWAP`, `Origin`, `HTML`) VALUES (44, '2019-12-24 15:07:42', '2019-12-24 17:01:08', NULL, 'vx', '## 的风格和
``` text
      {{range $_, $v := .result.Category}}
                    <a>
                        <cite>{{$v.Name}}</cite>
                    </a>
                {{end}}
                <a>
                    <cite>正文</cite>
                </a>
```
## 测试xss注入
``` javascript
<script>
    function test(param) {
        alert(param);
    }
    test(123);
</script>
```
### 测试golang
```golang
func Index(ctx *fool.Ctx, w *fool.Response, r *fool.Request) error {
	result, err := m_category.GetALL()
	if err != nil {
		return ctx.Error().WrapServer(err).Location()
	}
	return w.
		Assign("result", template.JS(result.String())).
		Layout("backend/layout/layout.html").
		View(http.StatusOK, "backend/article/category/index.html")
}

```
### 测试php
```php
<?php
/**
 * Created by PhpStorm.
 * User: Administrator
 * Date: 2019/9/16
 * Time: 15:50
 */


namespace frontend\controllers;

use common\helpers\AlarmHelper;
use common\helpers\Excel;
use common\services\FuncOverview;
use Yii;

/**
 * 产品分析总榜
 * @package frontend\controllers
 */
class FuncOverviewController extends JzBaseController
{
    public $cache_action_id = [''index''];

    public function init()
    {
        parent::init();
        $this->on(self::EXCEL, [$this, ''exportExcel'']);
    }

    /**
     * 导出excel
     * @param \yii\base\Event $event
     * @throws \PhpOffice\PhpSpreadsheet\Exception
     */
    public function exportExcel(\yii\base\Event $event)
    {
        //dd(Yii::$app->response->data);
        if(Yii::$app->response->data[''code''] == self::CODE_SUCCESS) {
            $excel = new Excel();
            $excel->setColumnNames([''名称'', ''点击量'', ''用户量'']);
            $data = (Yii::$app->response->data[''data''] instanceof \stdClass) ? [] : Yii::$app->response->data[''data''][''list''];
            $excel->addRows($data, [''event_name'', ''click_num'', ''user_num'']);
            $excel->export(''产品分析-总榜'');
        }
    }

    /** 产品分析总榜接口
     * @return \yii\console\Response|\yii\web\Response
     */
    public function actionIndex()
    {
        $request = Yii::$app->request;
        if (!$request->isGet) {
            return $this->renderJson(self::CODE_ERROR, ''invalid request'');
        }
        try{
            //必传
            $start_date = $request->get(''start_date'', '''');
            $end_date = $request->get(''end_date'', '''');
            $app_id  = $request->get(''app_id'', '''');
            $terminal_key = $request->get(''terminal_key'', '''');

            if(!strlen($start_date)) {
                return $this->renderJson(self::CODE_ERROR, ''invalid start_date'');
            }

            if(!strlen($end_date)) {
                return $this->renderJson(self::CODE_ERROR, ''invalid end_date'');
            }

            if(!strlen($app_id)) {
                return $this->renderJson(self::CODE_ERROR, ''invalid app_id'');
            }

            if(!strlen($terminal_key)) {
                return $this->renderJson(self::CODE_ERROR, ''invalid terminal_key'');
            }

            //选传
            $param = [
                ''sort_field''=>Yii::$app->request->get(''sort_field'', ''click_num''), // click_num | user_num
                ''sort_type''=>Yii::$app->request->get(''sort_type'', ''desc''),
                ''version_key''=> (array) $request->get(''version_key'', []),
                ''user_type_key'' => $request->get(''user_type_key'', ''quanbu''),
                ''platform_key'' => intval($request->get(''platform_key'', -1)),
                ''keyword''=>$request->get(''keyword'', ''''),
                ''page_size''=>$request->get(''page_size'', 20),
                ''page''=>$request->get(''page'', 1),
            ];

            $result = FuncOverview::search($start_date, $end_date, $app_id, $terminal_key, $param);

            return $this->renderJson(self::CODE_SUCCESS, ''success'', $result);
        }catch (\Exception $exception) {
            $message = sprintf(''产品分析总榜接口失败: 【%s】%s（%s第%d行）'', YII_ENV, $exception->getMessage(), $exception->getFile(), $exception->getLine());
            AlarmHelper::send(''text'', [
                ''content''=>$message,
            ]);
            return $this->renderJson(self::CODE_ERROR, $message);
        }
    }
}
```

![4.jpg](/uploads/201912/ab960d5ba113d9ff.jpg "4.jpg")
', 0, 2, 6, '', '', '', NULL);

INSERT INTO `ContentTag` (`ID`, `ContentID`, `TagID`) VALUES (110, 43, 13);
INSERT INTO `ContentTag` (`ID`, `ContentID`, `TagID`) VALUES (111, 43, 16);
INSERT INTO `ContentTag` (`ID`, `ContentID`, `TagID`) VALUES (151, 44, 13);
INSERT INTO `ContentTag` (`ID`, `ContentID`, `TagID`) VALUES (152, 44, 14);
INSERT INTO `ContentTag` (`ID`, `ContentID`, `TagID`) VALUES (153, 44, 20);
