/*Generated by xorm v0.8.0.1015 2019-12-13 18:10:47, from sqlite3 to SQLITE3*/

INSERT INTO `Node` (`ID`, `CreatedAt`, `UpdatedAt`, `DeletedAt`, `Pid`, `Name`, `URL`, `Methods`, `IsMenu`, `SortID`) VALUES (1, '2019-08-31 19:47:10', '2019-12-01 11:51:00', NULL, 0, '我的桌面', '/backend/home', 'GET', 1, 1991);
INSERT INTO `Node` (`ID`, `CreatedAt`, `UpdatedAt`, `DeletedAt`, `Pid`, `Name`, `URL`, `Methods`, `IsMenu`, `SortID`) VALUES (2, '2019-08-31 19:47:45', '2019-08-31 19:47:45', NULL, 1, '修改密码', '/backend/home/user/forget', 'GET,POST', 0, 1991);
INSERT INTO `Node` (`ID`, `CreatedAt`, `UpdatedAt`, `DeletedAt`, `Pid`, `Name`, `URL`, `Methods`, `IsMenu`, `SortID`) VALUES (3, '2019-08-31 19:48:10', '2019-08-31 19:48:17', NULL, 0, '文章管理', 'javascript:;', 'GET', 1, 1991);
INSERT INTO `Node` (`ID`, `CreatedAt`, `UpdatedAt`, `DeletedAt`, `Pid`, `Name`, `URL`, `Methods`, `IsMenu`, `SortID`) VALUES (4, '2019-08-31 19:48:47', '2019-09-01 22:14:03', NULL, 3, '分类', '/backend/article/category', 'GET', 1, 1991);
INSERT INTO `Node` (`ID`, `CreatedAt`, `UpdatedAt`, `DeletedAt`, `Pid`, `Name`, `URL`, `Methods`, `IsMenu`, `SortID`) VALUES (5, '2019-08-31 19:48:47', '2019-09-01 22:14:08', NULL, 4, '新增', '/backend/article/category/create/:pid', 'GET', 2, 6);
INSERT INTO `Node` (`ID`, `CreatedAt`, `UpdatedAt`, `DeletedAt`, `Pid`, `Name`, `URL`, `Methods`, `IsMenu`, `SortID`) VALUES (6, '2019-08-31 19:48:47', '2019-08-31 19:48:47', NULL, 4, '保存', '/backend/article/category', 'POST', 2, 5);
INSERT INTO `Node` (`ID`, `CreatedAt`, `UpdatedAt`, `DeletedAt`, `Pid`, `Name`, `URL`, `Methods`, `IsMenu`, `SortID`) VALUES (7, '2019-08-31 19:48:47', '2019-08-31 19:48:47', NULL, 4, '编辑', '/backend/article/category/edit/:id', 'GET', 2, 4);
INSERT INTO `Node` (`ID`, `CreatedAt`, `UpdatedAt`, `DeletedAt`, `Pid`, `Name`, `URL`, `Methods`, `IsMenu`, `SortID`) VALUES (8, '2019-08-31 19:48:47', '2019-08-31 20:30:09', NULL, 4, '更新', '/backend/article/category/update/:id', 'PUT', 2, 3);
INSERT INTO `Node` (`ID`, `CreatedAt`, `UpdatedAt`, `DeletedAt`, `Pid`, `Name`, `URL`, `Methods`, `IsMenu`, `SortID`) VALUES (9, '2019-08-31 19:48:47', '2019-08-31 19:48:47', NULL, 4, '删除', '/backend/article/category/delete/:id', 'DELETE', 2, 2);
INSERT INTO `Node` (`ID`, `CreatedAt`, `UpdatedAt`, `DeletedAt`, `Pid`, `Name`, `URL`, `Methods`, `IsMenu`, `SortID`) VALUES (10, '2019-08-31 19:48:47', '2019-08-31 21:00:17', NULL, 4, '查看', '/backend/article/category/show/:id', 'GET', 2, 1);
INSERT INTO `Node` (`ID`, `CreatedAt`, `UpdatedAt`, `DeletedAt`, `Pid`, `Name`, `URL`, `Methods`, `IsMenu`, `SortID`) VALUES (11, '2019-08-31 19:49:10', '2019-08-31 19:49:10', NULL, 3, '标签', '/backend/article/tag', 'GET', 1, 1991);
INSERT INTO `Node` (`ID`, `CreatedAt`, `UpdatedAt`, `DeletedAt`, `Pid`, `Name`, `URL`, `Methods`, `IsMenu`, `SortID`) VALUES (12, '2019-08-31 19:49:10', '2019-08-31 19:49:10', NULL, 11, '新增', '/backend/article/tag/create', 'GET', 2, 6);
INSERT INTO `Node` (`ID`, `CreatedAt`, `UpdatedAt`, `DeletedAt`, `Pid`, `Name`, `URL`, `Methods`, `IsMenu`, `SortID`) VALUES (13, '2019-08-31 19:49:10', '2019-08-31 19:49:10', NULL, 11, '保存', '/backend/article/tag', 'POST', 2, 5);
INSERT INTO `Node` (`ID`, `CreatedAt`, `UpdatedAt`, `DeletedAt`, `Pid`, `Name`, `URL`, `Methods`, `IsMenu`, `SortID`) VALUES (14, '2019-08-31 19:49:10', '2019-08-31 19:49:10', NULL, 11, '编辑', '/backend/article/tag/edit/:id', 'GET', 2, 4);
INSERT INTO `Node` (`ID`, `CreatedAt`, `UpdatedAt`, `DeletedAt`, `Pid`, `Name`, `URL`, `Methods`, `IsMenu`, `SortID`) VALUES (15, '2019-08-31 19:49:10', '2019-08-31 20:30:22', NULL, 11, '更新', '/backend/article/tag/update/:id', 'PUT', 2, 3);
INSERT INTO `Node` (`ID`, `CreatedAt`, `UpdatedAt`, `DeletedAt`, `Pid`, `Name`, `URL`, `Methods`, `IsMenu`, `SortID`) VALUES (16, '2019-08-31 19:49:10', '2019-08-31 19:49:10', NULL, 11, '删除', '/backend/article/tag/delete/:id', 'DELETE', 2, 2);
INSERT INTO `Node` (`ID`, `CreatedAt`, `UpdatedAt`, `DeletedAt`, `Pid`, `Name`, `URL`, `Methods`, `IsMenu`, `SortID`) VALUES (17, '2019-08-31 19:49:10', '2019-08-31 21:00:11', NULL, 11, '查看', '/backend/article/tag/show/:id', 'GET', 2, 1);
INSERT INTO `Node` (`ID`, `CreatedAt`, `UpdatedAt`, `DeletedAt`, `Pid`, `Name`, `URL`, `Methods`, `IsMenu`, `SortID`) VALUES (18, '2019-08-31 19:49:48', '2019-08-31 19:49:48', NULL, 0, '权限管理', 'javascript:;', 'GET', 1, 1991);
INSERT INTO `Node` (`ID`, `CreatedAt`, `UpdatedAt`, `DeletedAt`, `Pid`, `Name`, `URL`, `Methods`, `IsMenu`, `SortID`) VALUES (19, '2019-08-31 19:50:12', '2019-08-31 19:50:12', NULL, 18, '用户', '/backend/rbac/user', 'GET', 1, 1991);
INSERT INTO `Node` (`ID`, `CreatedAt`, `UpdatedAt`, `DeletedAt`, `Pid`, `Name`, `URL`, `Methods`, `IsMenu`, `SortID`) VALUES (20, '2019-08-31 19:50:12', '2019-08-31 19:50:12', NULL, 19, '新增', '/backend/rbac/user/create', 'GET', 2, 6);
INSERT INTO `Node` (`ID`, `CreatedAt`, `UpdatedAt`, `DeletedAt`, `Pid`, `Name`, `URL`, `Methods`, `IsMenu`, `SortID`) VALUES (21, '2019-08-31 19:50:12', '2019-08-31 19:50:12', NULL, 19, '保存', '/backend/rbac/user', 'POST', 2, 5);
INSERT INTO `Node` (`ID`, `CreatedAt`, `UpdatedAt`, `DeletedAt`, `Pid`, `Name`, `URL`, `Methods`, `IsMenu`, `SortID`) VALUES (22, '2019-08-31 19:50:12', '2019-08-31 19:50:12', NULL, 19, '编辑', '/backend/rbac/user/edit/:id', 'GET', 2, 4);
INSERT INTO `Node` (`ID`, `CreatedAt`, `UpdatedAt`, `DeletedAt`, `Pid`, `Name`, `URL`, `Methods`, `IsMenu`, `SortID`) VALUES (23, '2019-08-31 19:50:12', '2019-08-31 20:30:34', NULL, 19, '更新', '/backend/rbac/user/update/:id', 'PUT', 2, 3);
INSERT INTO `Node` (`ID`, `CreatedAt`, `UpdatedAt`, `DeletedAt`, `Pid`, `Name`, `URL`, `Methods`, `IsMenu`, `SortID`) VALUES (24, '2019-08-31 19:50:12', '2019-08-31 19:50:12', NULL, 19, '删除', '/backend/rbac/user/delete/:id', 'DELETE', 2, 2);
INSERT INTO `Node` (`ID`, `CreatedAt`, `UpdatedAt`, `DeletedAt`, `Pid`, `Name`, `URL`, `Methods`, `IsMenu`, `SortID`) VALUES (25, '2019-08-31 19:50:12', '2019-08-31 21:00:00', NULL, 19, '查看', '/backend/rbac/user/show/:id', 'GET', 2, 1);
INSERT INTO `Node` (`ID`, `CreatedAt`, `UpdatedAt`, `DeletedAt`, `Pid`, `Name`, `URL`, `Methods`, `IsMenu`, `SortID`) VALUES (26, '2019-08-31 19:50:41', '2019-08-31 20:56:02', NULL, 19, '设置角色', '/backend/rbac/user/role/:id', 'GET,POST', 2, 1991);
INSERT INTO `Node` (`ID`, `CreatedAt`, `UpdatedAt`, `DeletedAt`, `Pid`, `Name`, `URL`, `Methods`, `IsMenu`, `SortID`) VALUES (27, '2019-08-31 19:51:09', '2019-08-31 19:51:09', NULL, 18, '角色', '/backend/rbac/role', 'GET', 1, 1991);
INSERT INTO `Node` (`ID`, `CreatedAt`, `UpdatedAt`, `DeletedAt`, `Pid`, `Name`, `URL`, `Methods`, `IsMenu`, `SortID`) VALUES (28, '2019-08-31 19:51:09', '2019-08-31 19:54:35', NULL, 27, '新增', '/backend/rbac/role/create/:pid', 'GET', 2, 6);
INSERT INTO `Node` (`ID`, `CreatedAt`, `UpdatedAt`, `DeletedAt`, `Pid`, `Name`, `URL`, `Methods`, `IsMenu`, `SortID`) VALUES (29, '2019-08-31 19:51:09', '2019-08-31 19:51:09', NULL, 27, '保存', '/backend/rbac/role', 'POST', 2, 5);
INSERT INTO `Node` (`ID`, `CreatedAt`, `UpdatedAt`, `DeletedAt`, `Pid`, `Name`, `URL`, `Methods`, `IsMenu`, `SortID`) VALUES (30, '2019-08-31 19:51:09', '2019-08-31 19:51:09', NULL, 27, '编辑', '/backend/rbac/role/edit/:id', 'GET', 2, 4);
INSERT INTO `Node` (`ID`, `CreatedAt`, `UpdatedAt`, `DeletedAt`, `Pid`, `Name`, `URL`, `Methods`, `IsMenu`, `SortID`) VALUES (31, '2019-08-31 19:51:09', '2019-08-31 20:30:46', NULL, 27, '更新', '/backend/rbac/role/update/:id', 'PUT', 2, 3);
INSERT INTO `Node` (`ID`, `CreatedAt`, `UpdatedAt`, `DeletedAt`, `Pid`, `Name`, `URL`, `Methods`, `IsMenu`, `SortID`) VALUES (32, '2019-08-31 19:51:09', '2019-08-31 19:51:09', NULL, 27, '删除', '/backend/rbac/role/delete/:id', 'DELETE', 2, 2);
INSERT INTO `Node` (`ID`, `CreatedAt`, `UpdatedAt`, `DeletedAt`, `Pid`, `Name`, `URL`, `Methods`, `IsMenu`, `SortID`) VALUES (33, '2019-08-31 19:51:09', '2019-08-31 20:59:53', NULL, 27, '查看', '/backend/rbac/role/show/:id', 'GET', 2, 1);
INSERT INTO `Node` (`ID`, `CreatedAt`, `UpdatedAt`, `DeletedAt`, `Pid`, `Name`, `URL`, `Methods`, `IsMenu`, `SortID`) VALUES (34, '2019-08-31 19:51:25', '2019-08-31 20:55:51', NULL, 27, '设置节点', '/backend/rbac/role/node/:id', 'GET,POST', 2, 1991);
INSERT INTO `Node` (`ID`, `CreatedAt`, `UpdatedAt`, `DeletedAt`, `Pid`, `Name`, `URL`, `Methods`, `IsMenu`, `SortID`) VALUES (35, '2019-08-31 19:52:14', '2019-08-31 19:52:14', NULL, 18, '节点', '/backend/rbac/node', 'GET', 1, 1991);
INSERT INTO `Node` (`ID`, `CreatedAt`, `UpdatedAt`, `DeletedAt`, `Pid`, `Name`, `URL`, `Methods`, `IsMenu`, `SortID`) VALUES (36, '2019-08-31 19:52:14', '2019-08-31 19:54:09', NULL, 35, '新增', '/backend/rbac/node/create/:pid', 'GET', 2, 6);
INSERT INTO `Node` (`ID`, `CreatedAt`, `UpdatedAt`, `DeletedAt`, `Pid`, `Name`, `URL`, `Methods`, `IsMenu`, `SortID`) VALUES (37, '2019-08-31 19:52:14', '2019-08-31 19:52:14', NULL, 35, '保存', '/backend/rbac/node', 'POST', 2, 5);
INSERT INTO `Node` (`ID`, `CreatedAt`, `UpdatedAt`, `DeletedAt`, `Pid`, `Name`, `URL`, `Methods`, `IsMenu`, `SortID`) VALUES (38, '2019-08-31 19:52:14', '2019-08-31 19:52:14', NULL, 35, '编辑', '/backend/rbac/node/edit/:id', 'GET', 2, 4);
INSERT INTO `Node` (`ID`, `CreatedAt`, `UpdatedAt`, `DeletedAt`, `Pid`, `Name`, `URL`, `Methods`, `IsMenu`, `SortID`) VALUES (39, '2019-08-31 19:52:14', '2019-08-31 19:52:14', NULL, 35, '更新', '/backend/rbac/node/update/:id', 'PUT', 2, 3);
INSERT INTO `Node` (`ID`, `CreatedAt`, `UpdatedAt`, `DeletedAt`, `Pid`, `Name`, `URL`, `Methods`, `IsMenu`, `SortID`) VALUES (40, '2019-08-31 19:52:14', '2019-08-31 19:52:14', NULL, 35, '删除', '/backend/rbac/node/delete/:id', 'DELETE', 2, 2);
INSERT INTO `Node` (`ID`, `CreatedAt`, `UpdatedAt`, `DeletedAt`, `Pid`, `Name`, `URL`, `Methods`, `IsMenu`, `SortID`) VALUES (41, '2019-08-31 19:52:14', '2019-08-31 20:59:44', NULL, 35, '查看', '/backend/rbac/node/show/:id', 'GET', 2, 1);
INSERT INTO `Node` (`ID`, `CreatedAt`, `UpdatedAt`, `DeletedAt`, `Pid`, `Name`, `URL`, `Methods`, `IsMenu`, `SortID`) VALUES (42, '2019-08-31 19:55:10', '2019-08-31 19:55:10', NULL, 0, '用户管理', '/backend/user', 'GET', 1, 1991);
INSERT INTO `Node` (`ID`, `CreatedAt`, `UpdatedAt`, `DeletedAt`, `Pid`, `Name`, `URL`, `Methods`, `IsMenu`, `SortID`) VALUES (43, '2019-08-31 19:55:11', '2019-08-31 19:55:11', NULL, 42, '新增', '/backend/user/create', 'GET', 2, 6);
INSERT INTO `Node` (`ID`, `CreatedAt`, `UpdatedAt`, `DeletedAt`, `Pid`, `Name`, `URL`, `Methods`, `IsMenu`, `SortID`) VALUES (44, '2019-08-31 19:55:11', '2019-08-31 19:55:11', NULL, 42, '保存', '/backend/user', 'POST', 2, 5);
INSERT INTO `Node` (`ID`, `CreatedAt`, `UpdatedAt`, `DeletedAt`, `Pid`, `Name`, `URL`, `Methods`, `IsMenu`, `SortID`) VALUES (45, '2019-08-31 19:55:11', '2019-08-31 19:55:11', NULL, 42, '编辑', '/backend/user/edit/:id', 'GET', 2, 4);
INSERT INTO `Node` (`ID`, `CreatedAt`, `UpdatedAt`, `DeletedAt`, `Pid`, `Name`, `URL`, `Methods`, `IsMenu`, `SortID`) VALUES (46, '2019-08-31 19:55:11', '2019-08-31 20:31:05', NULL, 42, '更新', '/backend/user/update/:id', 'PUT', 2, 3);
INSERT INTO `Node` (`ID`, `CreatedAt`, `UpdatedAt`, `DeletedAt`, `Pid`, `Name`, `URL`, `Methods`, `IsMenu`, `SortID`) VALUES (47, '2019-08-31 19:55:11', '2019-08-31 19:55:11', NULL, 42, '删除', '/backend/user/delete/:id', 'DELETE', 2, 2);
INSERT INTO `Node` (`ID`, `CreatedAt`, `UpdatedAt`, `DeletedAt`, `Pid`, `Name`, `URL`, `Methods`, `IsMenu`, `SortID`) VALUES (48, '2019-08-31 19:55:11', '2019-08-31 20:59:37', NULL, 42, '查看', '/backend/user/show/:id', 'GET', 2, 1);
INSERT INTO `Node` (`ID`, `CreatedAt`, `UpdatedAt`, `DeletedAt`, `Pid`, `Name`, `URL`, `Methods`, `IsMenu`, `SortID`) VALUES (49, '2019-08-31 20:22:50', '2019-08-31 20:22:50', NULL, 1, '后台骨架', '/backend/skeleton', 'GET', 0, 1991);
INSERT INTO `Node` (`ID`, `CreatedAt`, `UpdatedAt`, `DeletedAt`, `Pid`, `Name`, `URL`, `Methods`, `IsMenu`, `SortID`) VALUES (50, '2019-09-21 20:19:27', '2019-09-21 20:19:27', NULL, 3, '内容', '/backend/article/content', 'GET', 1, 1991);
INSERT INTO `Node` (`ID`, `CreatedAt`, `UpdatedAt`, `DeletedAt`, `Pid`, `Name`, `URL`, `Methods`, `IsMenu`, `SortID`) VALUES (51, '2019-09-21 20:19:27', '2019-09-21 20:19:27', NULL, 50, '新增', '/backend/article/content/create', 'GET', 2, 6);
INSERT INTO `Node` (`ID`, `CreatedAt`, `UpdatedAt`, `DeletedAt`, `Pid`, `Name`, `URL`, `Methods`, `IsMenu`, `SortID`) VALUES (52, '2019-09-21 20:19:27', '2019-09-21 20:19:27', NULL, 50, '保存', '/backend/article/content', 'POST', 2, 5);
INSERT INTO `Node` (`ID`, `CreatedAt`, `UpdatedAt`, `DeletedAt`, `Pid`, `Name`, `URL`, `Methods`, `IsMenu`, `SortID`) VALUES (53, '2019-09-21 20:19:27', '2019-09-21 20:19:27', NULL, 50, '编辑', '/backend/article/content/edit/:id', 'GET', 2, 4);
INSERT INTO `Node` (`ID`, `CreatedAt`, `UpdatedAt`, `DeletedAt`, `Pid`, `Name`, `URL`, `Methods`, `IsMenu`, `SortID`) VALUES (54, '2019-09-21 20:19:27', '2019-09-21 20:19:27', NULL, 50, '更新', '/backend/article/content/update/:id', 'PUT', 2, 3);
INSERT INTO `Node` (`ID`, `CreatedAt`, `UpdatedAt`, `DeletedAt`, `Pid`, `Name`, `URL`, `Methods`, `IsMenu`, `SortID`) VALUES (55, '2019-09-21 20:19:27', '2019-09-21 20:19:27', NULL, 50, '删除', '/backend/article/content/delete/:id', 'DELETE', 2, 2);
INSERT INTO `Node` (`ID`, `CreatedAt`, `UpdatedAt`, `DeletedAt`, `Pid`, `Name`, `URL`, `Methods`, `IsMenu`, `SortID`) VALUES (56, '2019-09-21 20:19:27', '2019-09-21 20:19:27', NULL, 50, '查看', '/backend/article/content/show/:id', 'GET', 2, 1);
INSERT INTO `Node` (`ID`, `CreatedAt`, `UpdatedAt`, `DeletedAt`, `Pid`, `Name`, `URL`, `Methods`, `IsMenu`, `SortID`) VALUES (57, '2019-09-22 11:08:56', '2019-09-22 11:08:56', NULL, 50, '返回文章分类', '/backend/article/content/category/:pid', 'GET', 0, 1991);
INSERT INTO `Node` (`ID`, `CreatedAt`, `UpdatedAt`, `DeletedAt`, `Pid`, `Name`, `URL`, `Methods`, `IsMenu`, `SortID`) VALUES (58, '2019-09-22 20:20:31', '2019-09-22 20:20:31', NULL, 50, '上传附件', '/backend/article/content/upload', 'POST', 0, 1991);
INSERT INTO `Node` (`ID`, `CreatedAt`, `UpdatedAt`, `DeletedAt`, `Pid`, `Name`, `URL`, `Methods`, `IsMenu`, `SortID`) VALUES (59, '2019-10-13 17:16:44', '2019-10-13 17:16:44', '2019-10-13 18:39:29', 50, '添加标签', '/backend/article/content/addTag', 'POST', 0, 1991);
INSERT INTO `Node` (`ID`, `CreatedAt`, `UpdatedAt`, `DeletedAt`, `Pid`, `Name`, `URL`, `Methods`, `IsMenu`, `SortID`) VALUES (60, '2019-10-20 22:26:36', '2019-10-20 22:26:36', NULL, 50, '设置上下线', '/backend/article/content/online/:id', 'PUT', 0, 1991);
INSERT INTO `Node` (`ID`, `CreatedAt`, `UpdatedAt`, `DeletedAt`, `Pid`, `Name`, `URL`, `Methods`, `IsMenu`, `SortID`) VALUES (61, '2019-10-21 17:46:56', '2019-10-21 17:46:56', NULL, 50, '批量删除', '/backend/article/content/delete-batch', 'PUT', 0, 1991);
INSERT INTO `Node` (`ID`, `CreatedAt`, `UpdatedAt`, `DeletedAt`, `Pid`, `Name`, `URL`, `Methods`, `IsMenu`, `SortID`) VALUES (62, '2019-11-22 21:47:47', '2019-11-22 21:47:47', NULL, 50, '返回文章标签', '/backend/article/content/tag', 'GET', 0, 1991);
INSERT INTO `Node` (`ID`, `CreatedAt`, `UpdatedAt`, `DeletedAt`, `Pid`, `Name`, `URL`, `Methods`, `IsMenu`, `SortID`) VALUES (63, '2019-11-26 17:32:32', '2019-11-26 17:32:32', NULL, 50, '自动添加新的标签', '/backend/article/content/tag', 'POST', 0, 1991);
INSERT INTO `Node` (`ID`, `CreatedAt`, `UpdatedAt`, `DeletedAt`, `Pid`, `Name`, `URL`, `Methods`, `IsMenu`, `SortID`) VALUES (64, '2019-12-08 11:11:35', '2019-12-08 11:14:21', NULL, 3, '附件', '/backend/article/attachment', 'GET', 1, 1991);
INSERT INTO `Node` (`ID`, `CreatedAt`, `UpdatedAt`, `DeletedAt`, `Pid`, `Name`, `URL`, `Methods`, `IsMenu`, `SortID`) VALUES (65, '2019-12-08 11:12:27', '2019-12-08 11:16:00', NULL, 64, '上传', '/backend/article/attachment/upload', 'POST', 2, 1991);
INSERT INTO `Node` (`ID`, `CreatedAt`, `UpdatedAt`, `DeletedAt`, `Pid`, `Name`, `URL`, `Methods`, `IsMenu`, `SortID`) VALUES (66, '2019-12-08 11:12:48', '2019-12-08 11:12:48', NULL, 64, '更新', '/backend/article/attachment/update/:id', 'PUT', 0, 1991);
INSERT INTO `Node` (`ID`, `CreatedAt`, `UpdatedAt`, `DeletedAt`, `Pid`, `Name`, `URL`, `Methods`, `IsMenu`, `SortID`) VALUES (67, '2019-12-08 11:13:08', '2019-12-08 11:13:08', NULL, 64, '删除', '/backend/article/attachment/delete/:id', 'DELETE', 0, 1991);
INSERT INTO `Node` (`ID`, `CreatedAt`, `UpdatedAt`, `DeletedAt`, `Pid`, `Name`, `URL`, `Methods`, `IsMenu`, `SortID`) VALUES (68, '2019-12-08 11:13:25', '2019-12-08 11:13:25', NULL, 64, '批量删除', '/backend/article/attachment/delete-batch', 'PUT', 0, 1991);
INSERT INTO `Node` (`ID`, `CreatedAt`, `UpdatedAt`, `DeletedAt`, `Pid`, `Name`, `URL`, `Methods`, `IsMenu`, `SortID`) VALUES (69, '2019-12-11 18:58:35', '2019-12-11 18:58:35', NULL, 64, '秒传校验', '/backend/article/attachment/check/:md5', 'GET', 0, 1991);

INSERT INTO `User` (`ID`, `CreatedAt`, `UpdatedAt`, `DeletedAt`, `Account`, `Password`, `Nickname`, `Identity`, `Status`, `LastTime`) VALUES (1, '2019-08-31 19:46:30', '2019-11-30 21:14:05', NULL, 'admin', '$2a$10$OodNQxCyahPzfTW1VWPy/u3ZZWGx0Z3PW38b2gU6VjrWDmOcIBihC', 'admin', 1, 1, '2019-11-30 21:14:05');
INSERT INTO `User` (`ID`, `CreatedAt`, `UpdatedAt`, `DeletedAt`, `Account`, `Password`, `Nickname`, `Identity`, `Status`, `LastTime`) VALUES (2, '2019-08-31 20:06:02', '2019-09-21 14:29:33', NULL, 'guest', '$2a$10$sw2Q9oLt33dZ0Qc38hheE.juH9z1G3mbhHd1jhikbvigqswiN6Ne.', 'guest', 2, 1, '2019-08-31 20:23:57');
INSERT INTO `User` (`ID`, `CreatedAt`, `UpdatedAt`, `DeletedAt`, `Account`, `Password`, `Nickname`, `Identity`, `Status`, `LastTime`) VALUES (3, '2019-08-31 21:01:21', '2019-08-31 21:01:21', NULL, 'fgsdfgsfg', '$2a$10$i4wx420ZFMaq/rhLO4t9fuSy7YdIO6FOi3j/CV361924cjlIUA47O', 'fgsfgsdfg', 1, 1, NULL);
INSERT INTO `User` (`ID`, `CreatedAt`, `UpdatedAt`, `DeletedAt`, `Account`, `Password`, `Nickname`, `Identity`, `Status`, `LastTime`) VALUES (4, '2019-08-31 21:08:54', '2019-08-31 21:13:06', NULL, 'asdafgh', '$2a$10$lNPX53UxyUY/OjmHnvJsfO7gx1mhjDoxxuHo4bssz2fwHayHKs4FG', 'dfghdfhfh', 2, 1, NULL);
INSERT INTO `User` (`ID`, `CreatedAt`, `UpdatedAt`, `DeletedAt`, `Account`, `Password`, `Nickname`, `Identity`, `Status`, `LastTime`) VALUES (5, '2019-09-01 21:39:04', '2019-09-01 23:18:25', NULL, 'test', '$2a$10$AfGjed4D840O/F/lmJ/bCO.4HrunLzbX..PThamH3ggU6Z1vsL/xi', 'dsfgdfgsdfg111', 1, 1, '2019-09-01 23:18:25');

INSERT INTO `UserRoleRelation` (`ID`, `CreatedAt`, `UserID`, `RoleID`) VALUES (1, '2019-08-31 19:58:47', 1, 1);
INSERT INTO `UserRoleRelation` (`ID`, `CreatedAt`, `UserID`, `RoleID`) VALUES (2, '2019-08-31 20:06:41', 2, 3);
INSERT INTO `UserRoleRelation` (`ID`, `CreatedAt`, `UserID`, `RoleID`) VALUES (6, '2019-09-01 23:17:49', 5, 2);

INSERT INTO `Role` (`ID`, `CreatedAt`, `UpdatedAt`, `DeletedAt`, `Pid`, `Name`, `SortID`) VALUES (1, '2019-08-31 19:56:19', '2019-08-31 19:56:19', NULL, 0, '超级管理员', 1991);
INSERT INTO `Role` (`ID`, `CreatedAt`, `UpdatedAt`, `DeletedAt`, `Pid`, `Name`, `SortID`) VALUES (2, '2019-08-31 19:56:36', '2019-08-31 19:56:36', NULL, 0, '普通管理员', 1991);
INSERT INTO `Role` (`ID`, `CreatedAt`, `UpdatedAt`, `DeletedAt`, `Pid`, `Name`, `SortID`) VALUES (3, '2019-08-31 19:56:40', '2019-09-01 22:45:11', NULL, 0, '来宾', 1991);
INSERT INTO `Role` (`ID`, `CreatedAt`, `UpdatedAt`, `DeletedAt`, `Pid`, `Name`, `SortID`) VALUES (4, '2019-09-01 22:57:16', '2019-09-01 22:59:24', '2019-09-01 22:59:26', 0, 'fdghdfghfghdfgh', 1991);

INSERT INTO `RoleNodeRelation` (`ID`, `CreatedAt`, `RoleID`, `NodeID`) VALUES (430, '2019-09-01 22:55:25', 3, 1);
INSERT INTO `RoleNodeRelation` (`ID`, `CreatedAt`, `RoleID`, `NodeID`) VALUES (431, '2019-09-01 22:55:25', 3, 49);
INSERT INTO `RoleNodeRelation` (`ID`, `CreatedAt`, `RoleID`, `NodeID`) VALUES (432, '2019-09-01 22:55:25', 3, 3);
INSERT INTO `RoleNodeRelation` (`ID`, `CreatedAt`, `RoleID`, `NodeID`) VALUES (433, '2019-09-01 22:55:25', 3, 4);
INSERT INTO `RoleNodeRelation` (`ID`, `CreatedAt`, `RoleID`, `NodeID`) VALUES (434, '2019-09-01 22:55:25', 3, 11);
INSERT INTO `RoleNodeRelation` (`ID`, `CreatedAt`, `RoleID`, `NodeID`) VALUES (435, '2019-09-01 22:55:25', 3, 18);
INSERT INTO `RoleNodeRelation` (`ID`, `CreatedAt`, `RoleID`, `NodeID`) VALUES (436, '2019-09-01 22:55:25', 3, 19);
INSERT INTO `RoleNodeRelation` (`ID`, `CreatedAt`, `RoleID`, `NodeID`) VALUES (437, '2019-09-01 22:55:25', 3, 27);
INSERT INTO `RoleNodeRelation` (`ID`, `CreatedAt`, `RoleID`, `NodeID`) VALUES (438, '2019-09-01 22:55:25', 3, 35);
INSERT INTO `RoleNodeRelation` (`ID`, `CreatedAt`, `RoleID`, `NodeID`) VALUES (439, '2019-09-01 22:55:25', 3, 42);
INSERT INTO `RoleNodeRelation` (`ID`, `CreatedAt`, `RoleID`, `NodeID`) VALUES (489, '2019-09-01 22:57:40', 2, 1);
INSERT INTO `RoleNodeRelation` (`ID`, `CreatedAt`, `RoleID`, `NodeID`) VALUES (490, '2019-09-01 22:57:40', 2, 2);
INSERT INTO `RoleNodeRelation` (`ID`, `CreatedAt`, `RoleID`, `NodeID`) VALUES (491, '2019-09-01 22:57:40', 2, 49);
INSERT INTO `RoleNodeRelation` (`ID`, `CreatedAt`, `RoleID`, `NodeID`) VALUES (492, '2019-09-01 22:57:40', 2, 3);
INSERT INTO `RoleNodeRelation` (`ID`, `CreatedAt`, `RoleID`, `NodeID`) VALUES (493, '2019-09-01 22:57:40', 2, 4);
INSERT INTO `RoleNodeRelation` (`ID`, `CreatedAt`, `RoleID`, `NodeID`) VALUES (494, '2019-09-01 22:57:40', 2, 5);
INSERT INTO `RoleNodeRelation` (`ID`, `CreatedAt`, `RoleID`, `NodeID`) VALUES (495, '2019-09-01 22:57:40', 2, 6);
INSERT INTO `RoleNodeRelation` (`ID`, `CreatedAt`, `RoleID`, `NodeID`) VALUES (496, '2019-09-01 22:57:40', 2, 7);
INSERT INTO `RoleNodeRelation` (`ID`, `CreatedAt`, `RoleID`, `NodeID`) VALUES (497, '2019-09-01 22:57:40', 2, 8);
INSERT INTO `RoleNodeRelation` (`ID`, `CreatedAt`, `RoleID`, `NodeID`) VALUES (498, '2019-09-01 22:57:40', 2, 9);
INSERT INTO `RoleNodeRelation` (`ID`, `CreatedAt`, `RoleID`, `NodeID`) VALUES (499, '2019-09-01 22:57:40', 2, 10);
INSERT INTO `RoleNodeRelation` (`ID`, `CreatedAt`, `RoleID`, `NodeID`) VALUES (500, '2019-09-01 22:57:40', 2, 11);
INSERT INTO `RoleNodeRelation` (`ID`, `CreatedAt`, `RoleID`, `NodeID`) VALUES (501, '2019-09-01 22:57:40', 2, 12);
INSERT INTO `RoleNodeRelation` (`ID`, `CreatedAt`, `RoleID`, `NodeID`) VALUES (502, '2019-09-01 22:57:40', 2, 13);
INSERT INTO `RoleNodeRelation` (`ID`, `CreatedAt`, `RoleID`, `NodeID`) VALUES (503, '2019-09-01 22:57:40', 2, 14);
INSERT INTO `RoleNodeRelation` (`ID`, `CreatedAt`, `RoleID`, `NodeID`) VALUES (504, '2019-09-01 22:57:40', 2, 15);
INSERT INTO `RoleNodeRelation` (`ID`, `CreatedAt`, `RoleID`, `NodeID`) VALUES (505, '2019-09-01 22:57:40', 2, 16);
INSERT INTO `RoleNodeRelation` (`ID`, `CreatedAt`, `RoleID`, `NodeID`) VALUES (506, '2019-09-01 22:57:40', 2, 17);
INSERT INTO `RoleNodeRelation` (`ID`, `CreatedAt`, `RoleID`, `NodeID`) VALUES (507, '2019-09-01 22:57:40', 2, 42);
INSERT INTO `RoleNodeRelation` (`ID`, `CreatedAt`, `RoleID`, `NodeID`) VALUES (508, '2019-09-01 22:57:40', 2, 43);
INSERT INTO `RoleNodeRelation` (`ID`, `CreatedAt`, `RoleID`, `NodeID`) VALUES (509, '2019-09-01 22:57:40', 2, 44);
INSERT INTO `RoleNodeRelation` (`ID`, `CreatedAt`, `RoleID`, `NodeID`) VALUES (510, '2019-09-01 22:57:40', 2, 45);
INSERT INTO `RoleNodeRelation` (`ID`, `CreatedAt`, `RoleID`, `NodeID`) VALUES (511, '2019-09-01 22:57:40', 2, 46);
INSERT INTO `RoleNodeRelation` (`ID`, `CreatedAt`, `RoleID`, `NodeID`) VALUES (512, '2019-09-01 22:57:40', 2, 47);
INSERT INTO `RoleNodeRelation` (`ID`, `CreatedAt`, `RoleID`, `NodeID`) VALUES (513, '2019-09-01 22:57:40', 2, 48);
INSERT INTO `RoleNodeRelation` (`ID`, `CreatedAt`, `RoleID`, `NodeID`) VALUES (1677, '2019-12-11 18:58:35', 1, 1);
INSERT INTO `RoleNodeRelation` (`ID`, `CreatedAt`, `RoleID`, `NodeID`) VALUES (1678, '2019-12-11 18:58:35', 1, 2);
INSERT INTO `RoleNodeRelation` (`ID`, `CreatedAt`, `RoleID`, `NodeID`) VALUES (1679, '2019-12-11 18:58:35', 1, 3);
INSERT INTO `RoleNodeRelation` (`ID`, `CreatedAt`, `RoleID`, `NodeID`) VALUES (1680, '2019-12-11 18:58:35', 1, 4);
INSERT INTO `RoleNodeRelation` (`ID`, `CreatedAt`, `RoleID`, `NodeID`) VALUES (1681, '2019-12-11 18:58:35', 1, 11);
INSERT INTO `RoleNodeRelation` (`ID`, `CreatedAt`, `RoleID`, `NodeID`) VALUES (1682, '2019-12-11 18:58:35', 1, 18);
INSERT INTO `RoleNodeRelation` (`ID`, `CreatedAt`, `RoleID`, `NodeID`) VALUES (1683, '2019-12-11 18:58:35', 1, 19);
INSERT INTO `RoleNodeRelation` (`ID`, `CreatedAt`, `RoleID`, `NodeID`) VALUES (1684, '2019-12-11 18:58:35', 1, 26);
INSERT INTO `RoleNodeRelation` (`ID`, `CreatedAt`, `RoleID`, `NodeID`) VALUES (1685, '2019-12-11 18:58:35', 1, 27);
INSERT INTO `RoleNodeRelation` (`ID`, `CreatedAt`, `RoleID`, `NodeID`) VALUES (1686, '2019-12-11 18:58:35', 1, 34);
INSERT INTO `RoleNodeRelation` (`ID`, `CreatedAt`, `RoleID`, `NodeID`) VALUES (1687, '2019-12-11 18:58:35', 1, 35);
INSERT INTO `RoleNodeRelation` (`ID`, `CreatedAt`, `RoleID`, `NodeID`) VALUES (1688, '2019-12-11 18:58:35', 1, 42);
INSERT INTO `RoleNodeRelation` (`ID`, `CreatedAt`, `RoleID`, `NodeID`) VALUES (1689, '2019-12-11 18:58:35', 1, 49);
INSERT INTO `RoleNodeRelation` (`ID`, `CreatedAt`, `RoleID`, `NodeID`) VALUES (1690, '2019-12-11 18:58:35', 1, 50);
INSERT INTO `RoleNodeRelation` (`ID`, `CreatedAt`, `RoleID`, `NodeID`) VALUES (1691, '2019-12-11 18:58:35', 1, 57);
INSERT INTO `RoleNodeRelation` (`ID`, `CreatedAt`, `RoleID`, `NodeID`) VALUES (1692, '2019-12-11 18:58:35', 1, 58);
INSERT INTO `RoleNodeRelation` (`ID`, `CreatedAt`, `RoleID`, `NodeID`) VALUES (1693, '2019-12-11 18:58:35', 1, 60);
INSERT INTO `RoleNodeRelation` (`ID`, `CreatedAt`, `RoleID`, `NodeID`) VALUES (1694, '2019-12-11 18:58:35', 1, 61);
INSERT INTO `RoleNodeRelation` (`ID`, `CreatedAt`, `RoleID`, `NodeID`) VALUES (1695, '2019-12-11 18:58:35', 1, 62);
INSERT INTO `RoleNodeRelation` (`ID`, `CreatedAt`, `RoleID`, `NodeID`) VALUES (1696, '2019-12-11 18:58:35', 1, 63);
INSERT INTO `RoleNodeRelation` (`ID`, `CreatedAt`, `RoleID`, `NodeID`) VALUES (1697, '2019-12-11 18:58:35', 1, 64);
INSERT INTO `RoleNodeRelation` (`ID`, `CreatedAt`, `RoleID`, `NodeID`) VALUES (1698, '2019-12-11 18:58:35', 1, 65);
INSERT INTO `RoleNodeRelation` (`ID`, `CreatedAt`, `RoleID`, `NodeID`) VALUES (1699, '2019-12-11 18:58:35', 1, 66);
INSERT INTO `RoleNodeRelation` (`ID`, `CreatedAt`, `RoleID`, `NodeID`) VALUES (1700, '2019-12-11 18:58:35', 1, 67);
INSERT INTO `RoleNodeRelation` (`ID`, `CreatedAt`, `RoleID`, `NodeID`) VALUES (1701, '2019-12-11 18:58:35', 1, 68);
INSERT INTO `RoleNodeRelation` (`ID`, `CreatedAt`, `RoleID`, `NodeID`) VALUES (1702, '2019-12-11 18:58:35', 1, 69);
INSERT INTO `RoleNodeRelation` (`ID`, `CreatedAt`, `RoleID`, `NodeID`) VALUES (1703, '2019-12-11 18:58:35', 1, 5);
INSERT INTO `RoleNodeRelation` (`ID`, `CreatedAt`, `RoleID`, `NodeID`) VALUES (1704, '2019-12-11 18:58:35', 1, 12);
INSERT INTO `RoleNodeRelation` (`ID`, `CreatedAt`, `RoleID`, `NodeID`) VALUES (1705, '2019-12-11 18:58:35', 1, 20);
INSERT INTO `RoleNodeRelation` (`ID`, `CreatedAt`, `RoleID`, `NodeID`) VALUES (1706, '2019-12-11 18:58:35', 1, 28);
INSERT INTO `RoleNodeRelation` (`ID`, `CreatedAt`, `RoleID`, `NodeID`) VALUES (1707, '2019-12-11 18:58:35', 1, 36);
INSERT INTO `RoleNodeRelation` (`ID`, `CreatedAt`, `RoleID`, `NodeID`) VALUES (1708, '2019-12-11 18:58:35', 1, 43);
INSERT INTO `RoleNodeRelation` (`ID`, `CreatedAt`, `RoleID`, `NodeID`) VALUES (1709, '2019-12-11 18:58:35', 1, 51);
INSERT INTO `RoleNodeRelation` (`ID`, `CreatedAt`, `RoleID`, `NodeID`) VALUES (1710, '2019-12-11 18:58:35', 1, 6);
INSERT INTO `RoleNodeRelation` (`ID`, `CreatedAt`, `RoleID`, `NodeID`) VALUES (1711, '2019-12-11 18:58:35', 1, 13);
INSERT INTO `RoleNodeRelation` (`ID`, `CreatedAt`, `RoleID`, `NodeID`) VALUES (1712, '2019-12-11 18:58:35', 1, 21);
INSERT INTO `RoleNodeRelation` (`ID`, `CreatedAt`, `RoleID`, `NodeID`) VALUES (1713, '2019-12-11 18:58:35', 1, 29);
INSERT INTO `RoleNodeRelation` (`ID`, `CreatedAt`, `RoleID`, `NodeID`) VALUES (1714, '2019-12-11 18:58:35', 1, 37);
INSERT INTO `RoleNodeRelation` (`ID`, `CreatedAt`, `RoleID`, `NodeID`) VALUES (1715, '2019-12-11 18:58:35', 1, 44);
INSERT INTO `RoleNodeRelation` (`ID`, `CreatedAt`, `RoleID`, `NodeID`) VALUES (1716, '2019-12-11 18:58:35', 1, 52);
INSERT INTO `RoleNodeRelation` (`ID`, `CreatedAt`, `RoleID`, `NodeID`) VALUES (1717, '2019-12-11 18:58:35', 1, 7);
INSERT INTO `RoleNodeRelation` (`ID`, `CreatedAt`, `RoleID`, `NodeID`) VALUES (1718, '2019-12-11 18:58:35', 1, 14);
INSERT INTO `RoleNodeRelation` (`ID`, `CreatedAt`, `RoleID`, `NodeID`) VALUES (1719, '2019-12-11 18:58:35', 1, 22);
INSERT INTO `RoleNodeRelation` (`ID`, `CreatedAt`, `RoleID`, `NodeID`) VALUES (1720, '2019-12-11 18:58:35', 1, 30);
INSERT INTO `RoleNodeRelation` (`ID`, `CreatedAt`, `RoleID`, `NodeID`) VALUES (1721, '2019-12-11 18:58:35', 1, 38);
INSERT INTO `RoleNodeRelation` (`ID`, `CreatedAt`, `RoleID`, `NodeID`) VALUES (1722, '2019-12-11 18:58:35', 1, 45);
INSERT INTO `RoleNodeRelation` (`ID`, `CreatedAt`, `RoleID`, `NodeID`) VALUES (1723, '2019-12-11 18:58:35', 1, 53);
INSERT INTO `RoleNodeRelation` (`ID`, `CreatedAt`, `RoleID`, `NodeID`) VALUES (1724, '2019-12-11 18:58:35', 1, 8);
INSERT INTO `RoleNodeRelation` (`ID`, `CreatedAt`, `RoleID`, `NodeID`) VALUES (1725, '2019-12-11 18:58:35', 1, 15);
INSERT INTO `RoleNodeRelation` (`ID`, `CreatedAt`, `RoleID`, `NodeID`) VALUES (1726, '2019-12-11 18:58:35', 1, 23);
INSERT INTO `RoleNodeRelation` (`ID`, `CreatedAt`, `RoleID`, `NodeID`) VALUES (1727, '2019-12-11 18:58:35', 1, 31);
INSERT INTO `RoleNodeRelation` (`ID`, `CreatedAt`, `RoleID`, `NodeID`) VALUES (1728, '2019-12-11 18:58:35', 1, 39);
INSERT INTO `RoleNodeRelation` (`ID`, `CreatedAt`, `RoleID`, `NodeID`) VALUES (1729, '2019-12-11 18:58:35', 1, 46);
INSERT INTO `RoleNodeRelation` (`ID`, `CreatedAt`, `RoleID`, `NodeID`) VALUES (1730, '2019-12-11 18:58:35', 1, 54);
INSERT INTO `RoleNodeRelation` (`ID`, `CreatedAt`, `RoleID`, `NodeID`) VALUES (1731, '2019-12-11 18:58:35', 1, 9);
INSERT INTO `RoleNodeRelation` (`ID`, `CreatedAt`, `RoleID`, `NodeID`) VALUES (1732, '2019-12-11 18:58:35', 1, 16);
INSERT INTO `RoleNodeRelation` (`ID`, `CreatedAt`, `RoleID`, `NodeID`) VALUES (1733, '2019-12-11 18:58:35', 1, 24);
INSERT INTO `RoleNodeRelation` (`ID`, `CreatedAt`, `RoleID`, `NodeID`) VALUES (1734, '2019-12-11 18:58:35', 1, 32);
INSERT INTO `RoleNodeRelation` (`ID`, `CreatedAt`, `RoleID`, `NodeID`) VALUES (1735, '2019-12-11 18:58:35', 1, 40);
INSERT INTO `RoleNodeRelation` (`ID`, `CreatedAt`, `RoleID`, `NodeID`) VALUES (1736, '2019-12-11 18:58:35', 1, 47);
INSERT INTO `RoleNodeRelation` (`ID`, `CreatedAt`, `RoleID`, `NodeID`) VALUES (1737, '2019-12-11 18:58:35', 1, 55);
INSERT INTO `RoleNodeRelation` (`ID`, `CreatedAt`, `RoleID`, `NodeID`) VALUES (1738, '2019-12-11 18:58:35', 1, 10);
INSERT INTO `RoleNodeRelation` (`ID`, `CreatedAt`, `RoleID`, `NodeID`) VALUES (1739, '2019-12-11 18:58:35', 1, 17);
INSERT INTO `RoleNodeRelation` (`ID`, `CreatedAt`, `RoleID`, `NodeID`) VALUES (1740, '2019-12-11 18:58:35', 1, 25);
INSERT INTO `RoleNodeRelation` (`ID`, `CreatedAt`, `RoleID`, `NodeID`) VALUES (1741, '2019-12-11 18:58:35', 1, 33);
INSERT INTO `RoleNodeRelation` (`ID`, `CreatedAt`, `RoleID`, `NodeID`) VALUES (1742, '2019-12-11 18:58:35', 1, 41);
INSERT INTO `RoleNodeRelation` (`ID`, `CreatedAt`, `RoleID`, `NodeID`) VALUES (1743, '2019-12-11 18:58:35', 1, 48);
INSERT INTO `RoleNodeRelation` (`ID`, `CreatedAt`, `RoleID`, `NodeID`) VALUES (1744, '2019-12-11 18:58:35', 1, 56);

INSERT INTO `Category` (`ID`, `CreatedAt`, `UpdatedAt`, `DeletedAt`, `Pid`, `Name`, `SortID`) VALUES (1, '2019-10-23 16:50:37', '2019-10-23 16:50:37', '2019-11-22 21:51:27', 0, 'sdadsf', 1991);
INSERT INTO `Category` (`ID`, `CreatedAt`, `UpdatedAt`, `DeletedAt`, `Pid`, `Name`, `SortID`) VALUES (2, '2019-10-23 16:50:40', '2019-10-23 16:50:40', '2019-11-22 21:51:27', 0, '规划的风格和', 1991);
INSERT INTO `Category` (`ID`, `CreatedAt`, `UpdatedAt`, `DeletedAt`, `Pid`, `Name`, `SortID`) VALUES (3, '2019-10-23 16:50:42', '2019-10-23 16:50:42', '2019-11-22 21:51:27', 0, '的翻跟斗风格和', 1991);
INSERT INTO `Category` (`ID`, `CreatedAt`, `UpdatedAt`, `DeletedAt`, `Pid`, `Name`, `SortID`) VALUES (4, '2019-10-23 16:50:44', '2019-10-23 16:50:44', '2019-11-22 21:51:27', 0, '的翻跟斗风格和', 1991);
INSERT INTO `Category` (`ID`, `CreatedAt`, `UpdatedAt`, `DeletedAt`, `Pid`, `Name`, `SortID`) VALUES (5, '2019-10-23 16:50:47', '2019-10-23 16:50:47', '2019-11-22 21:51:27', 0, '的翻跟斗广泛和', 1991);
INSERT INTO `Category` (`ID`, `CreatedAt`, `UpdatedAt`, `DeletedAt`, `Pid`, `Name`, `SortID`) VALUES (6, '2019-11-22 21:51:34', '2019-11-22 21:51:34', NULL, 0, '计算机', 1991);
INSERT INTO `Category` (`ID`, `CreatedAt`, `UpdatedAt`, `DeletedAt`, `Pid`, `Name`, `SortID`) VALUES (7, '2019-11-22 21:51:48', '2019-11-22 21:51:48', NULL, 6, '前端', 1991);
INSERT INTO `Category` (`ID`, `CreatedAt`, `UpdatedAt`, `DeletedAt`, `Pid`, `Name`, `SortID`) VALUES (8, '2019-11-22 21:51:53', '2019-11-22 21:51:53', NULL, 6, '后端', 1991);
INSERT INTO `Category` (`ID`, `CreatedAt`, `UpdatedAt`, `DeletedAt`, `Pid`, `Name`, `SortID`) VALUES (9, '2019-11-22 21:52:01', '2019-11-22 21:52:01', NULL, 6, '算法', 1991);
INSERT INTO `Category` (`ID`, `CreatedAt`, `UpdatedAt`, `DeletedAt`, `Pid`, `Name`, `SortID`) VALUES (10, '2019-11-22 21:52:34', '2019-11-22 21:52:34', NULL, 6, '祖传代码', 1991);
INSERT INTO `Category` (`ID`, `CreatedAt`, `UpdatedAt`, `DeletedAt`, `Pid`, `Name`, `SortID`) VALUES (11, '2019-11-22 21:52:43', '2019-11-22 21:52:43', NULL, 0, '随笔', 1991);
INSERT INTO `Category` (`ID`, `CreatedAt`, `UpdatedAt`, `DeletedAt`, `Pid`, `Name`, `SortID`) VALUES (12, '2019-11-22 21:52:54', '2019-11-22 21:52:54', NULL, 11, '天下事', 1991);

INSERT INTO `Attachment` (`ID`, `CreatedAt`, `UpdatedAt`, `DeletedAt`, `Name`, `Path`, `Ext`, `Folder`, `Size`, `MD5`) VALUES (188, '2019-12-12 18:53:20', '2019-12-12 18:53:20', NULL, '3.8方案(3).docx', 'uploads/201912/3f28962cf65b5ec3.docx', 'docx', './', 11945, 'a78308172b56112082af9096b92cefa3');
INSERT INTO `Attachment` (`ID`, `CreatedAt`, `UpdatedAt`, `DeletedAt`, `Name`, `Path`, `Ext`, `Folder`, `Size`, `MD5`) VALUES (189, '2019-12-12 18:53:37', '2019-12-12 18:53:37', NULL, '《3-6岁儿童学习与发展指南》.doc', 'uploads/201912/3aadeb111a30744a.doc', 'doc', './', 285184, 'e1d218c0c62c9f73b81063e18ac6e86d');
INSERT INTO `Attachment` (`ID`, `CreatedAt`, `UpdatedAt`, `DeletedAt`, `Name`, `Path`, `Ext`, `Folder`, `Size`, `MD5`) VALUES (190, '2019-12-12 18:53:37', '2019-12-12 18:53:37', NULL, '宝宝二班下学期学习计划.docx', 'uploads/201912/810b760b825038bf.docx', 'docx', './', 18535, '69b020ddcdffa037851b25fd5c81a06f');
INSERT INTO `Attachment` (`ID`, `CreatedAt`, `UpdatedAt`, `DeletedAt`, `Name`, `Path`, `Ext`, `Folder`, `Size`, `MD5`) VALUES (191, '2019-12-12 18:53:39', '2019-12-12 18:53:39', NULL, '好饿的毛毛虫.pptx', 'uploads/201912/e77a6b4d4822f0a7.pptx', 'pptx', './', 1213153, '7579900417c1cef9f62234339beaf14a');
INSERT INTO `Attachment` (`ID`, `CreatedAt`, `UpdatedAt`, `DeletedAt`, `Name`, `Path`, `Ext`, `Folder`, `Size`, `MD5`) VALUES (192, '2019-12-12 18:53:42', '2019-12-12 18:53:42', NULL, '好饿的毛毛虫.rar', 'uploads/201912/a983f13778ea85e4.rar', 'rar', './', 1923317, 'e1418f89d565cf68ecde14d14c6ee4ed');
INSERT INTO `Attachment` (`ID`, `CreatedAt`, `UpdatedAt`, `DeletedAt`, `Name`, `Path`, `Ext`, `Folder`, `Size`, `MD5`) VALUES (193, '2019-12-12 18:53:50', '2019-12-12 18:53:50', NULL, '好饿的毛毛虫-中文版.rar', 'uploads/201912/8649243cd844ba1e.rar', 'rar', './', 618443, 'd038683b0d5a2c948f1b812d3670eda5');
INSERT INTO `Attachment` (`ID`, `CreatedAt`, `UpdatedAt`, `DeletedAt`, `Name`, `Path`, `Ext`, `Folder`, `Size`, `MD5`) VALUES (194, '2019-12-12 18:53:51', '2019-12-12 18:53:51', NULL, '教案表格.rar', 'uploads/201912/b112253ecbcd8224.rar', 'rar', './', 88644, '5bfb0e28cb2eef5cdc7eea77d7f31202');
INSERT INTO `Attachment` (`ID`, `CreatedAt`, `UpdatedAt`, `DeletedAt`, `Name`, `Path`, `Ext`, `Folder`, `Size`, `MD5`) VALUES (195, '2019-12-12 18:53:54', '2019-12-12 18:53:54', NULL, '毛毛虫视频.mp4', 'uploads/201912/444b2ff915f2eaed.mp4', 'mp4', './', 5028583, '84fbcb4c2494ffbe38a696f750aa0f55');
INSERT INTO `Attachment` (`ID`, `CreatedAt`, `UpdatedAt`, `DeletedAt`, `Name`, `Path`, `Ext`, `Folder`, `Size`, `MD5`) VALUES (196, '2019-12-12 18:53:56', '2019-12-12 18:53:56', NULL, '三八节幼儿园活动方案.docx', 'uploads/201912/944381e078496ff9.docx', 'docx', './', 16088, '4ca6c4f0a2f655d13ba6893f5d9f024e');
INSERT INTO `Attachment` (`ID`, `CreatedAt`, `UpdatedAt`, `DeletedAt`, `Name`, `Path`, `Ext`, `Folder`, `Size`, `MD5`) VALUES (197, '2019-12-12 18:53:58', '2019-12-12 18:53:58', NULL, '学府悦园第三幼儿园大区域活动教案表格.docx', 'uploads/201912/1885321b832b8c40.docx', 'docx', './', 14204, 'e7966f5b13ba471f7a43c5cae3cf8193');
INSERT INTO `Attachment` (`ID`, `CreatedAt`, `UpdatedAt`, `DeletedAt`, `Name`, `Path`, `Ext`, `Folder`, `Size`, `MD5`) VALUES (198, '2019-12-12 18:58:01', '2019-12-12 18:58:01', NULL, '学府悦园第三幼儿园教学活动计划表.docx', 'uploads/201912/748f3c24e351fab2.docx', 'docx', './', 14778, '126d260cfea12b147f9a58a4fa3b8134');
INSERT INTO `Attachment` (`ID`, `CreatedAt`, `UpdatedAt`, `DeletedAt`, `Name`, `Path`, `Ext`, `Folder`, `Size`, `MD5`) VALUES (199, '2019-12-12 18:58:01', '2019-12-12 18:58:01', NULL, '演讲参考.txt', 'uploads/201912/d2bf9b6ba8b7f4ff.txt', 'txt', './', 138, 'bc3ec273b441e4aa7e4d7070f86fb35e');
INSERT INTO `Attachment` (`ID`, `CreatedAt`, `UpdatedAt`, `DeletedAt`, `Name`, `Path`, `Ext`, `Folder`, `Size`, `MD5`) VALUES (200, '2019-12-12 18:58:02', '2019-12-12 18:58:02', NULL, '幼儿教育', 'uploads/201912/81678f5fb6d079ce.', '', './', 351, '6170fd5252a07c7fa941982a8fca92ce');

INSERT INTO `Tag` (`ID`, `CreatedAt`, `UpdatedAt`, `DeletedAt`, `Name`) VALUES (1, '2019-08-31 20:07:33', '2019-08-31 20:07:33', '2019-08-31 20:07:35', 'test');
INSERT INTO `Tag` (`ID`, `CreatedAt`, `UpdatedAt`, `DeletedAt`, `Name`) VALUES (2, '2019-08-31 20:10:36', '2019-08-31 20:10:44', '2019-08-31 20:10:51', 'test');
INSERT INTO `Tag` (`ID`, `CreatedAt`, `UpdatedAt`, `DeletedAt`, `Name`) VALUES (3, '2019-08-31 20:24:24', '2019-08-31 20:24:24', '2019-08-31 20:24:27', 'aa');
INSERT INTO `Tag` (`ID`, `CreatedAt`, `UpdatedAt`, `DeletedAt`, `Name`) VALUES (4, '2019-08-31 20:25:04', '2019-08-31 20:25:04', '2019-08-31 20:25:12', 'dffg');
INSERT INTO `Tag` (`ID`, `CreatedAt`, `UpdatedAt`, `DeletedAt`, `Name`) VALUES (5, '2019-08-31 20:31:14', '2019-08-31 20:36:33', '2019-08-31 20:38:43', 'asdfsdf');
INSERT INTO `Tag` (`ID`, `CreatedAt`, `UpdatedAt`, `DeletedAt`, `Name`) VALUES (6, '2019-08-31 20:39:27', '2019-09-01 22:19:33', '2019-09-01 22:20:00', 'testdfsdf');
INSERT INTO `Tag` (`ID`, `CreatedAt`, `UpdatedAt`, `DeletedAt`, `Name`) VALUES (7, '2019-08-31 20:56:44', '2019-08-31 20:56:44', '2019-08-31 20:57:06', 'sss');
INSERT INTO `Tag` (`ID`, `CreatedAt`, `UpdatedAt`, `DeletedAt`, `Name`) VALUES (8, '2019-09-01 22:19:37', '2019-09-01 22:19:37', '2019-09-01 22:19:58', 'sdfgsdfg');
INSERT INTO `Tag` (`ID`, `CreatedAt`, `UpdatedAt`, `DeletedAt`, `Name`) VALUES (9, '2019-09-01 22:19:39', '2019-09-01 22:19:53', '2019-09-01 22:19:56', 'dfdfgh111');
INSERT INTO `Tag` (`ID`, `CreatedAt`, `UpdatedAt`, `DeletedAt`, `Name`) VALUES (10, '2019-09-01 23:33:36', '2019-09-01 23:33:36', '2019-09-01 23:33:47', 'dvbbf');
INSERT INTO `Tag` (`ID`, `CreatedAt`, `UpdatedAt`, `DeletedAt`, `Name`) VALUES (11, '2019-09-01 23:33:38', '2019-09-01 23:33:38', '2019-09-01 23:33:45', 'hfjfgjh');
INSERT INTO `Tag` (`ID`, `CreatedAt`, `UpdatedAt`, `DeletedAt`, `Name`) VALUES (12, '2019-09-22 10:36:06', '2019-09-22 10:36:06', NULL, 'php');
INSERT INTO `Tag` (`ID`, `CreatedAt`, `UpdatedAt`, `DeletedAt`, `Name`) VALUES (13, '2019-09-22 10:36:18', '2019-09-22 10:36:18', NULL, '中国');
INSERT INTO `Tag` (`ID`, `CreatedAt`, `UpdatedAt`, `DeletedAt`, `Name`) VALUES (14, '2019-09-22 10:36:26', '2019-09-22 10:36:26', NULL, '南昌');
INSERT INTO `Tag` (`ID`, `CreatedAt`, `UpdatedAt`, `DeletedAt`, `Name`) VALUES (15, '2019-09-22 10:36:31', '2019-10-13 16:25:48', NULL, '赣州');
INSERT INTO `Tag` (`ID`, `CreatedAt`, `UpdatedAt`, `DeletedAt`, `Name`) VALUES (16, '2019-10-25 15:33:20', '2019-11-29 15:43:33', NULL, '上海');
INSERT INTO `Tag` (`ID`, `CreatedAt`, `UpdatedAt`, `DeletedAt`, `Name`) VALUES (17, '2019-11-26 17:33:44', '2019-11-26 17:33:44', NULL, 'test');
INSERT INTO `Tag` (`ID`, `CreatedAt`, `UpdatedAt`, `DeletedAt`, `Name`) VALUES (18, '2019-11-26 17:46:02', '2019-11-29 15:43:50', NULL, 'xxx');
INSERT INTO `Tag` (`ID`, `CreatedAt`, `UpdatedAt`, `DeletedAt`, `Name`) VALUES (19, '2019-11-29 15:33:43', '2019-11-29 15:33:43', NULL, '000');

INSERT INTO `Content` (`ID`, `CreatedAt`, `UpdatedAt`, `DeletedAt`, `Title`, `Body`, `Hits`, `Online`, `Category`, `CoverPC`, `CoverWAP`, `Origin`) VALUES (1, '2019-10-20 19:50:03', '2019-10-20 19:50:03', NULL, 'sdfsdf', 'ddd发
', 0, 1, 12, '', '', '');
INSERT INTO `Content` (`ID`, `CreatedAt`, `UpdatedAt`, `DeletedAt`, `Title`, `Body`, `Hits`, `Online`, `Category`, `CoverPC`, `CoverWAP`, `Origin`) VALUES (2, '2019-10-20 19:50:07', '2019-10-20 22:44:54', NULL, 'sdfsdf', 'ddd发
', 0, 1, 12, '', '', '');
INSERT INTO `Content` (`ID`, `CreatedAt`, `UpdatedAt`, `DeletedAt`, `Title`, `Body`, `Hits`, `Online`, `Category`, `CoverPC`, `CoverWAP`, `Origin`) VALUES (3, '2019-10-20 19:50:09', '2019-10-20 19:50:09', NULL, 'sdfsdf', 'ddd发
', 0, 1, 12, '', '', '');
INSERT INTO `Content` (`ID`, `CreatedAt`, `UpdatedAt`, `DeletedAt`, `Title`, `Body`, `Hits`, `Online`, `Category`, `CoverPC`, `CoverWAP`, `Origin`) VALUES (4, '2019-10-20 19:50:10', '2019-10-20 19:50:10', NULL, 'sdfsdf', 'ddd发
', 0, 1, 12, '', '', '');
INSERT INTO `Content` (`ID`, `CreatedAt`, `UpdatedAt`, `DeletedAt`, `Title`, `Body`, `Hits`, `Online`, `Category`, `CoverPC`, `CoverWAP`, `Origin`) VALUES (5, '2019-10-20 20:45:41', '2019-10-20 20:45:41', NULL, 'fghdfgh', 'ddd发
', 0, 1, 12, '', '', '');
INSERT INTO `Content` (`ID`, `CreatedAt`, `UpdatedAt`, `DeletedAt`, `Title`, `Body`, `Hits`, `Online`, `Category`, `CoverPC`, `CoverWAP`, `Origin`) VALUES (6, '2019-10-20 20:45:44', '2019-10-20 20:45:44', NULL, 'fghdfgh', 'ddd发
', 0, 1, 12, '', '', '');
INSERT INTO `Content` (`ID`, `CreatedAt`, `UpdatedAt`, `DeletedAt`, `Title`, `Body`, `Hits`, `Online`, `Category`, `CoverPC`, `CoverWAP`, `Origin`) VALUES (7, '2019-10-20 20:45:46', '2019-10-20 20:45:46', NULL, 'fghdfgh', 'ddd发
', 0, 1, 12, '', '', '');
INSERT INTO `Content` (`ID`, `CreatedAt`, `UpdatedAt`, `DeletedAt`, `Title`, `Body`, `Hits`, `Online`, `Category`, `CoverPC`, `CoverWAP`, `Origin`) VALUES (8, '2019-10-20 20:45:47', '2019-10-20 20:45:47', NULL, 'fghdfgh', 'ddd发
', 0, 1, 12, '', '', '');
INSERT INTO `Content` (`ID`, `CreatedAt`, `UpdatedAt`, `DeletedAt`, `Title`, `Body`, `Hits`, `Online`, `Category`, `CoverPC`, `CoverWAP`, `Origin`) VALUES (9, '2019-10-20 20:45:49', '2019-10-21 16:34:52', NULL, 'fghdfgh', 'ddd发
', 0, 1, 12, '', '', '');
INSERT INTO `Content` (`ID`, `CreatedAt`, `UpdatedAt`, `DeletedAt`, `Title`, `Body`, `Hits`, `Online`, `Category`, `CoverPC`, `CoverWAP`, `Origin`) VALUES (10, '2019-10-20 20:45:50', '2019-10-21 16:34:53', NULL, 'fghdfgh', 'ddd发
', 0, 1, 12, '', '', '');
INSERT INTO `Content` (`ID`, `CreatedAt`, `UpdatedAt`, `DeletedAt`, `Title`, `Body`, `Hits`, `Online`, `Category`, `CoverPC`, `CoverWAP`, `Origin`) VALUES (11, '2019-10-20 20:45:53', '2019-10-25 15:31:49', NULL, 'fghdfgh', 'ddd发
', 0, 1, 12, '', '', '');
INSERT INTO `Content` (`ID`, `CreatedAt`, `UpdatedAt`, `DeletedAt`, `Title`, `Body`, `Hits`, `Online`, `Category`, `CoverPC`, `CoverWAP`, `Origin`) VALUES (12, '2019-10-20 20:45:55', '2019-10-21 16:53:46', '0001-01-01 00:00:00', 'fghdfgh', '**ddd发tyhdfgh**
', 0, 2, 12, '', '', '');
INSERT INTO `Content` (`ID`, `CreatedAt`, `UpdatedAt`, `DeletedAt`, `Title`, `Body`, `Hits`, `Online`, `Category`, `CoverPC`, `CoverWAP`, `Origin`) VALUES (13, '2019-10-20 20:45:56', '2019-10-25 15:04:45', '0001-01-01 00:00:00', 'fghdfgh', '**ddd发tyhdfgh**
', 0, 2, 12, '', '', '');
INSERT INTO `Content` (`ID`, `CreatedAt`, `UpdatedAt`, `DeletedAt`, `Title`, `Body`, `Hits`, `Online`, `Category`, `CoverPC`, `CoverWAP`, `Origin`) VALUES (14, '2019-10-20 20:45:58', '2019-10-20 20:45:58', '0001-01-01 00:00:00', 'fghdfgh', 'ddd发
', 0, 1, 12, '', '', '');
INSERT INTO `Content` (`ID`, `CreatedAt`, `UpdatedAt`, `DeletedAt`, `Title`, `Body`, `Hits`, `Online`, `Category`, `CoverPC`, `CoverWAP`, `Origin`) VALUES (15, '2019-10-20 20:46:01', '2019-10-20 20:46:01', '0001-01-01 00:00:00', 'fghdfgh', 'ddd发
', 0, 1, 12, '', '', '');
INSERT INTO `Content` (`ID`, `CreatedAt`, `UpdatedAt`, `DeletedAt`, `Title`, `Body`, `Hits`, `Online`, `Category`, `CoverPC`, `CoverWAP`, `Origin`) VALUES (16, '2019-10-23 16:51:00', '2019-10-23 16:51:00', NULL, '是电风扇电饭锅', '![head.jpg](/uploads/329ff2318b8c1c90.jpg)fgdfggdfgdf

士大夫敢死队风格人也是风格豆腐
', 0, 1, 5, '', '', '');
INSERT INTO `Content` (`ID`, `CreatedAt`, `UpdatedAt`, `DeletedAt`, `Title`, `Body`, `Hits`, `Online`, `Category`, `CoverPC`, `CoverWAP`, `Origin`) VALUES (17, '2019-10-23 16:51:02', '2019-10-23 16:51:02', NULL, '是电风扇电饭锅', '![head.jpg](/uploads/329ff2318b8c1c90.jpg)fgdfggdfgdf

士大夫敢死队风格人也是风格豆腐
', 0, 1, 5, '', '', '');
INSERT INTO `Content` (`ID`, `CreatedAt`, `UpdatedAt`, `DeletedAt`, `Title`, `Body`, `Hits`, `Online`, `Category`, `CoverPC`, `CoverWAP`, `Origin`) VALUES (18, '2019-10-23 16:51:04', '2019-10-23 16:51:04', NULL, '是电风扇电饭锅', '![head.jpg](/uploads/329ff2318b8c1c90.jpg)fgdfggdfgdf

士大夫敢死队风格人也是风格豆腐
', 0, 1, 5, '', '', '');
INSERT INTO `Content` (`ID`, `CreatedAt`, `UpdatedAt`, `DeletedAt`, `Title`, `Body`, `Hits`, `Online`, `Category`, `CoverPC`, `CoverWAP`, `Origin`) VALUES (19, '2019-10-23 16:51:06', '2019-10-23 16:51:06', NULL, '是电风扇电饭锅', '![head.jpg](/uploads/329ff2318b8c1c90.jpg)fgdfggdfgdf

士大夫敢死队风格人也是风格豆腐
', 0, 1, 5, '', '', '');
INSERT INTO `Content` (`ID`, `CreatedAt`, `UpdatedAt`, `DeletedAt`, `Title`, `Body`, `Hits`, `Online`, `Category`, `CoverPC`, `CoverWAP`, `Origin`) VALUES (20, '2019-10-23 16:51:07', '2019-11-29 18:22:23', NULL, '是电风扇电饭锅', '![head.jpg](/uploads/329ff2318b8c1c90.jpg)fgdfggdfgdf

士大夫敢死队风格人也是风格豆腐
', 0, 2, 10, '', '', '');
INSERT INTO `Content` (`ID`, `CreatedAt`, `UpdatedAt`, `DeletedAt`, `Title`, `Body`, `Hits`, `Online`, `Category`, `CoverPC`, `CoverWAP`, `Origin`) VALUES (21, '2019-10-23 16:51:10', '2019-10-23 16:51:10', NULL, '是电风扇电饭锅', '![head.jpg](/uploads/329ff2318b8c1c90.jpg)fgdfggdfgdf

士大夫敢死队风格人也是风格豆腐
', 0, 1, 5, '', '', '');
INSERT INTO `Content` (`ID`, `CreatedAt`, `UpdatedAt`, `DeletedAt`, `Title`, `Body`, `Hits`, `Online`, `Category`, `CoverPC`, `CoverWAP`, `Origin`) VALUES (22, '2019-10-23 16:51:13', '2019-10-23 16:51:13', NULL, '是电风扇电饭锅翻跟斗风格和', '![head.jpg](/uploads/329ff2318b8c1c90.jpg)fgdfggdfgdf

士大夫敢死队风格人也是风格豆腐
', 0, 1, 5, '', '', '');
INSERT INTO `Content` (`ID`, `CreatedAt`, `UpdatedAt`, `DeletedAt`, `Title`, `Body`, `Hits`, `Online`, `Category`, `CoverPC`, `CoverWAP`, `Origin`) VALUES (23, '2019-10-23 16:51:15', '2019-10-23 16:51:15', NULL, '是电风扇电饭锅翻跟斗风格和', '![head.jpg](/uploads/329ff2318b8c1c90.jpg)fgdfggdfgdf

士大夫敢死队风格人也是风格豆腐
', 0, 1, 5, '', '', '');
INSERT INTO `Content` (`ID`, `CreatedAt`, `UpdatedAt`, `DeletedAt`, `Title`, `Body`, `Hits`, `Online`, `Category`, `CoverPC`, `CoverWAP`, `Origin`) VALUES (24, '2019-10-23 16:51:17', '2019-11-29 17:13:01', '2019-11-29 18:15:40', '是电风扇电饭锅翻跟斗风格和', '![head.jpg](/uploads/329ff2318b8c1c90.jpg)fgdfggdfgdf

士大夫敢死队风格人也是风格豆腐
', 0, 2, 5, '', '', '');
INSERT INTO `Content` (`ID`, `CreatedAt`, `UpdatedAt`, `DeletedAt`, `Title`, `Body`, `Hits`, `Online`, `Category`, `CoverPC`, `CoverWAP`, `Origin`) VALUES (25, '2019-10-25 15:07:50', '2019-11-29 15:59:48', NULL, '士大夫敢死队风格', '是电风扇电饭锅
', 0, 1, 8, '', '', '');
INSERT INTO `Content` (`ID`, `CreatedAt`, `UpdatedAt`, `DeletedAt`, `Title`, `Body`, `Hits`, `Online`, `Category`, `CoverPC`, `CoverWAP`, `Origin`) VALUES (26, '2019-10-25 15:09:09', '2019-11-29 18:21:47', '0001-01-01 00:00:00', '的防守犯规', '邓飞手动阀手动阀
', 0, 2, 4, '', '', '');
INSERT INTO `Content` (`ID`, `CreatedAt`, `UpdatedAt`, `DeletedAt`, `Title`, `Body`, `Hits`, `Online`, `Category`, `CoverPC`, `CoverWAP`, `Origin`) VALUES (27, '2019-10-25 15:33:20', '2019-11-29 18:21:46', NULL, '共和国和返回键', '的发热施工方
是豆腐干山豆根
的是法国粉色的个
### 的是法国粉色的个![QQ图片20190703091705.png](/uploads/9682fb20127b9e7e.png)

规划方法规划
风格化风格化

![notfound.jpg](/uploads/6d46811e0a38a0bf.jpg)


', 0, 1, 4, '/uploads/6d46811e0a38a0bf.jpg', '/uploads/6d46811e0a38a0bf.jpg', '');
INSERT INTO `Content` (`ID`, `CreatedAt`, `UpdatedAt`, `DeletedAt`, `Title`, `Body`, `Hits`, `Online`, `Category`, `CoverPC`, `CoverWAP`, `Origin`) VALUES (28, '2019-10-25 15:34:17', '2019-11-29 18:21:38', '0001-01-01 00:00:00', 'g''j''k''g''j''kgjkgjk', '```
type where []string

func (this where) Get(index int) string {
	if index+1 <= len(this) && index >= 0 {
		return this[index]
	}
	return ""
}
```
', 0, 2, 5, '', '', '');
INSERT INTO `Content` (`ID`, `CreatedAt`, `UpdatedAt`, `DeletedAt`, `Title`, `Body`, `Hits`, `Online`, `Category`, `CoverPC`, `CoverWAP`, `Origin`) VALUES (29, '2019-11-26 18:01:15', '2019-11-26 18:34:36', '2019-11-29 18:10:39', 'ssssss', 'ffffffff
', 0, 1, 11, '1', '2', '3');
INSERT INTO `Content` (`ID`, `CreatedAt`, `UpdatedAt`, `DeletedAt`, `Title`, `Body`, `Hits`, `Online`, `Category`, `CoverPC`, `CoverWAP`, `Origin`) VALUES (30, '2019-11-26 18:35:25', '2019-11-29 16:02:45', '2019-11-29 17:22:47', '那么，不能', 'k''k''jghkjghkj
', 0, 1, 9, '1', '2', '3');
INSERT INTO `Content` (`ID`, `CreatedAt`, `UpdatedAt`, `DeletedAt`, `Title`, `Body`, `Hits`, `Online`, `Category`, `CoverPC`, `CoverWAP`, `Origin`) VALUES (31, '2019-11-29 15:32:02', '2019-11-29 16:02:42', '2019-11-29 17:21:51', '1', '5
', 0, 1, 6, '2', '3', '4');
INSERT INTO `Content` (`ID`, `CreatedAt`, `UpdatedAt`, `DeletedAt`, `Title`, `Body`, `Hits`, `Online`, `Category`, `CoverPC`, `CoverWAP`, `Origin`) VALUES (32, '2019-11-29 15:47:57', '2019-11-29 16:02:42', '2019-11-29 17:20:04', 'fgdfghdfghd', 'dfgdfgh
', 0, 1, 11, '', '', '');
INSERT INTO `Content` (`ID`, `CreatedAt`, `UpdatedAt`, `DeletedAt`, `Title`, `Body`, `Hits`, `Online`, `Category`, `CoverPC`, `CoverWAP`, `Origin`) VALUES (33, '2019-11-29 15:48:15', '2019-11-29 16:02:43', '2019-11-29 17:20:01', 'dfgdgfhdfg', 'dfghdfghd
', 0, 1, 6, '', '', '');
INSERT INTO `Content` (`ID`, `CreatedAt`, `UpdatedAt`, `DeletedAt`, `Title`, `Body`, `Hits`, `Online`, `Category`, `CoverPC`, `CoverWAP`, `Origin`) VALUES (34, '2019-11-29 15:49:00', '2019-11-29 17:13:08', '2019-11-29 17:20:17', 'fgdgfh', 'dfghdfgh
', 0, 2, 6, '', '', '');
INSERT INTO `Content` (`ID`, `CreatedAt`, `UpdatedAt`, `DeletedAt`, `Title`, `Body`, `Hits`, `Online`, `Category`, `CoverPC`, `CoverWAP`, `Origin`) VALUES (35, '2019-11-29 16:01:11', '2019-11-29 16:03:16', '2019-11-29 16:03:22', 'sdfgsdgf', 'sdfgsf
', 0, 2, 10, '', '', '');
INSERT INTO `Content` (`ID`, `CreatedAt`, `UpdatedAt`, `DeletedAt`, `Title`, `Body`, `Hits`, `Online`, `Category`, `CoverPC`, `CoverWAP`, `Origin`) VALUES (36, '2019-11-29 16:01:36', '2019-11-29 16:01:36', '2019-11-29 16:02:07', 'fghjfghj', 'fghjfghj
', 0, 2, 10, '', '', '');

INSERT INTO `ContentTag` (`ID`, `ContentID`, `TagID`) VALUES (1, 16, 13);
INSERT INTO `ContentTag` (`ID`, `ContentID`, `TagID`) VALUES (2, 16, 14);
INSERT INTO `ContentTag` (`ID`, `ContentID`, `TagID`) VALUES (3, 17, 13);
INSERT INTO `ContentTag` (`ID`, `ContentID`, `TagID`) VALUES (4, 17, 14);
INSERT INTO `ContentTag` (`ID`, `ContentID`, `TagID`) VALUES (5, 18, 13);
INSERT INTO `ContentTag` (`ID`, `ContentID`, `TagID`) VALUES (6, 18, 14);
INSERT INTO `ContentTag` (`ID`, `ContentID`, `TagID`) VALUES (7, 19, 13);
INSERT INTO `ContentTag` (`ID`, `ContentID`, `TagID`) VALUES (8, 19, 14);
INSERT INTO `ContentTag` (`ID`, `ContentID`, `TagID`) VALUES (11, 21, 13);
INSERT INTO `ContentTag` (`ID`, `ContentID`, `TagID`) VALUES (12, 21, 14);
INSERT INTO `ContentTag` (`ID`, `ContentID`, `TagID`) VALUES (13, 22, 13);
INSERT INTO `ContentTag` (`ID`, `ContentID`, `TagID`) VALUES (14, 22, 14);
INSERT INTO `ContentTag` (`ID`, `ContentID`, `TagID`) VALUES (15, 23, 13);
INSERT INTO `ContentTag` (`ID`, `ContentID`, `TagID`) VALUES (16, 23, 14);
INSERT INTO `ContentTag` (`ID`, `ContentID`, `TagID`) VALUES (17, 24, 13);
INSERT INTO `ContentTag` (`ID`, `ContentID`, `TagID`) VALUES (18, 24, 14);
INSERT INTO `ContentTag` (`ID`, `ContentID`, `TagID`) VALUES (20, 26, 13);
INSERT INTO `ContentTag` (`ID`, `ContentID`, `TagID`) VALUES (21, 27, 13);
INSERT INTO `ContentTag` (`ID`, `ContentID`, `TagID`) VALUES (22, 27, 14);
INSERT INTO `ContentTag` (`ID`, `ContentID`, `TagID`) VALUES (23, 27, 16);
INSERT INTO `ContentTag` (`ID`, `ContentID`, `TagID`) VALUES (37, 28, 13);
INSERT INTO `ContentTag` (`ID`, `ContentID`, `TagID`) VALUES (40, 29, 13);
INSERT INTO `ContentTag` (`ID`, `ContentID`, `TagID`) VALUES (50, 30, 13);
INSERT INTO `ContentTag` (`ID`, `ContentID`, `TagID`) VALUES (51, 30, 14);
INSERT INTO `ContentTag` (`ID`, `ContentID`, `TagID`) VALUES (77, 31, 13);
INSERT INTO `ContentTag` (`ID`, `ContentID`, `TagID`) VALUES (78, 31, 14);
INSERT INTO `ContentTag` (`ID`, `ContentID`, `TagID`) VALUES (79, 32, 14);
INSERT INTO `ContentTag` (`ID`, `ContentID`, `TagID`) VALUES (80, 32, 15);
INSERT INTO `ContentTag` (`ID`, `ContentID`, `TagID`) VALUES (81, 32, 17);
INSERT INTO `ContentTag` (`ID`, `ContentID`, `TagID`) VALUES (84, 33, 13);
INSERT INTO `ContentTag` (`ID`, `ContentID`, `TagID`) VALUES (85, 34, 12);
INSERT INTO `ContentTag` (`ID`, `ContentID`, `TagID`) VALUES (86, 25, 13);
INSERT INTO `ContentTag` (`ID`, `ContentID`, `TagID`) VALUES (89, 35, 13);
INSERT INTO `ContentTag` (`ID`, `ContentID`, `TagID`) VALUES (90, 36, 13);
INSERT INTO `ContentTag` (`ID`, `ContentID`, `TagID`) VALUES (91, 36, 15);
INSERT INTO `ContentTag` (`ID`, `ContentID`, `TagID`) VALUES (92, 20, 13);
INSERT INTO `ContentTag` (`ID`, `ContentID`, `TagID`) VALUES (93, 20, 14);
INSERT INTO `ContentTag` (`ID`, `ContentID`, `TagID`) VALUES (94, 20, 15);
