/*Generated by xorm v0.7.0.0504 2019-09-01 23:37:54, from sqlite3 to SQLITE3*/

INSERT INTO `Node` (`ID`, `CreatedAt`, `UpdatedAt`, `DeletedAt`, `Pid`, `Name`, `URL`, `Methods`, `IsMenu`, `SortID`) VALUES (1, '2019-08-31 19:47:10', '2019-08-31 19:47:10', NULL, 0, '我的桌面', '/backend/home', 'GET', 1, 1991);
INSERT INTO `Node` (`ID`, `CreatedAt`, `UpdatedAt`, `DeletedAt`, `Pid`, `Name`, `URL`, `Methods`, `IsMenu`, `SortID`) VALUES (2, '2019-08-31 19:47:45', '2019-08-31 19:47:45', NULL, 1, '修改密码', '/backend/home/user/forget', 'GET,POST', 0, 1991);
INSERT INTO `Node` (`ID`, `CreatedAt`, `UpdatedAt`, `DeletedAt`, `Pid`, `Name`, `URL`, `Methods`, `IsMenu`, `SortID`) VALUES (3, '2019-08-31 19:48:10', '2019-08-31 19:48:17', NULL, 0, '文章管理', 'javascript:;', 'GET', 1, 1991);
INSERT INTO `Node` (`ID`, `CreatedAt`, `UpdatedAt`, `DeletedAt`, `Pid`, `Name`, `URL`, `Methods`, `IsMenu`, `SortID`) VALUES (4, '2019-08-31 19:48:47', '2019-09-01 22:14:03', NULL, 3, '分类', '/backend/article/category', 'GET', 1, 1991);
INSERT INTO `Node` (`ID`, `CreatedAt`, `UpdatedAt`, `DeletedAt`, `Pid`, `Name`, `URL`, `Methods`, `IsMenu`, `SortID`) VALUES (5, '2019-08-31 19:48:47', '2019-09-01 22:14:08', NULL, 4, '新增', '/backend/article/category/create/:pid', 'GET', 2, 6);
INSERT INTO `Node` (`ID`, `CreatedAt`, `UpdatedAt`, `DeletedAt`, `Pid`, `Name`, `URL`, `Methods`, `IsMenu`, `SortID`) VALUES (6, '2019-08-31 19:48:47', '2019-08-31 19:48:47', NULL, 4, '保存', '/backend/article/category', 'POST', 2, 5);
INSERT INTO `Node` (`ID`, `CreatedAt`, `UpdatedAt`, `DeletedAt`, `Pid`, `Name`, `URL`, `Methods`, `IsMenu`, `SortID`) VALUES (7, '2019-08-31 19:48:47', '2019-08-31 19:48:47', NULL, 4, '编辑', '/backend/article/category/edit/:id', 'GET', 2, 4);
INSERT INTO `Node` (`ID`, `CreatedAt`, `UpdatedAt`, `DeletedAt`, `Pid`, `Name`, `URL`, `Methods`, `IsMenu`, `SortID`) VALUES (8, '2019-08-31 19:48:47', '2019-08-31 20:30:09', NULL, 4, '更新', '/backend/article/category/update/:id', 'PUT', 2, 3);
INSERT INTO `Node` (`ID`, `CreatedAt`, `UpdatedAt`, `DeletedAt`, `Pid`, `Name`, `URL`, `Methods`, `IsMenu`, `SortID`) VALUES (9, '2019-08-31 19:48:47', '2019-08-31 19:48:47', NULL, 4, '删除', '/backend/article/category/delete/:id', 'DELETE', 2, 2);
INSERT INTO `Node` (`ID`, `CreatedAt`, `UpdatedAt`, `DeletedAt`, `Pid`, `Name`, `URL`, `Methods`, `IsMenu`, `SortID`) VALUES (10, '2019-08-31 19:48:47', '2019-08-31 21:00:17', NULL, 4, '查看', '/backend/article/category/show/:id', 'GET', 2, 1);
INSERT INTO `Node` (`ID`, `CreatedAt`, `UpdatedAt`, `DeletedAt`, `Pid`, `Name`, `URL`, `Methods`, `IsMenu`, `SortID`) VALUES (11, '2019-08-31 19:49:10', '2019-08-31 19:49:10', NULL, 3, '标签', '/backend/article/tag', 'GET', 1, 1991);
INSERT INTO `Node` (`ID`, `CreatedAt`, `UpdatedAt`, `DeletedAt`, `Pid`, `Name`, `URL`, `Methods`, `IsMenu`, `SortID`) VALUES (12, '2019-08-31 19:49:10', '2019-08-31 19:49:10', NULL, 11, '新增', '/backend/article/tag/create', 'GET', 2, 6);
INSERT INTO `Node` (`ID`, `CreatedAt`, `UpdatedAt`, `DeletedAt`, `Pid`, `Name`, `URL`, `Methods`, `IsMenu`, `SortID`) VALUES (13, '2019-08-31 19:49:10', '2019-08-31 19:49:10', NULL, 11, '保存', '/backend/article/tag', 'POST', 2, 5);
INSERT INTO `Node` (`ID`, `CreatedAt`, `UpdatedAt`, `DeletedAt`, `Pid`, `Name`, `URL`, `Methods`, `IsMenu`, `SortID`) VALUES (14, '2019-08-31 19:49:10', '2019-08-31 19:49:10', NULL, 11, '编辑', '/backend/article/tag/edit/:id', 'GET', 2, 4);
INSERT INTO `Node` (`ID`, `CreatedAt`, `UpdatedAt`, `DeletedAt`, `Pid`, `Name`, `URL`, `Methods`, `IsMenu`, `SortID`) VALUES (15, '2019-08-31 19:49:10', '2019-08-31 20:30:22', NULL, 11, '更新', '/backend/article/tag/update/:id', 'PUT', 2, 3);
INSERT INTO `Node` (`ID`, `CreatedAt`, `UpdatedAt`, `DeletedAt`, `Pid`, `Name`, `URL`, `Methods`, `IsMenu`, `SortID`) VALUES (16, '2019-08-31 19:49:10', '2019-08-31 19:49:10', NULL, 11, '删除', '/backend/article/tag/delete/:id', 'DELETE', 2, 2);
INSERT INTO `Node` (`ID`, `CreatedAt`, `UpdatedAt`, `DeletedAt`, `Pid`, `Name`, `URL`, `Methods`, `IsMenu`, `SortID`) VALUES (17, '2019-08-31 19:49:10', '2019-08-31 21:00:11', NULL, 11, '查看', '/backend/article/tag/show/:id', 'GET', 2, 1);
INSERT INTO `Node` (`ID`, `CreatedAt`, `UpdatedAt`, `DeletedAt`, `Pid`, `Name`, `URL`, `Methods`, `IsMenu`, `SortID`) VALUES (18, '2019-08-31 19:49:48', '2019-08-31 19:49:48', NULL, 0, '权限管理', 'javascript:;', 'GET', 1, 1991);
INSERT INTO `Node` (`ID`, `CreatedAt`, `UpdatedAt`, `DeletedAt`, `Pid`, `Name`, `URL`, `Methods`, `IsMenu`, `SortID`) VALUES (19, '2019-08-31 19:50:12', '2019-08-31 19:50:12', NULL, 18, '用户', '/backend/rbac/user', 'GET', 1, 1991);
INSERT INTO `Node` (`ID`, `CreatedAt`, `UpdatedAt`, `DeletedAt`, `Pid`, `Name`, `URL`, `Methods`, `IsMenu`, `SortID`) VALUES (20, '2019-08-31 19:50:12', '2019-08-31 19:50:12', NULL, 19, '新增', '/backend/rbac/user/create', 'GET', 2, 6);
INSERT INTO `Node` (`ID`, `CreatedAt`, `UpdatedAt`, `DeletedAt`, `Pid`, `Name`, `URL`, `Methods`, `IsMenu`, `SortID`) VALUES (21, '2019-08-31 19:50:12', '2019-08-31 19:50:12', NULL, 19, '保存', '/backend/rbac/user', 'POST', 2, 5);
INSERT INTO `Node` (`ID`, `CreatedAt`, `UpdatedAt`, `DeletedAt`, `Pid`, `Name`, `URL`, `Methods`, `IsMenu`, `SortID`) VALUES (22, '2019-08-31 19:50:12', '2019-08-31 19:50:12', NULL, 19, '编辑', '/backend/rbac/user/edit/:id', 'GET', 2, 4);
INSERT INTO `Node` (`ID`, `CreatedAt`, `UpdatedAt`, `DeletedAt`, `Pid`, `Name`, `URL`, `Methods`, `IsMenu`, `SortID`) VALUES (23, '2019-08-31 19:50:12', '2019-08-31 20:30:34', NULL, 19, '更新', '/backend/rbac/user/update/:id', 'PUT', 2, 3);
INSERT INTO `Node` (`ID`, `CreatedAt`, `UpdatedAt`, `DeletedAt`, `Pid`, `Name`, `URL`, `Methods`, `IsMenu`, `SortID`) VALUES (24, '2019-08-31 19:50:12', '2019-08-31 19:50:12', NULL, 19, '删除', '/backend/rbac/user/delete/:id', 'DELETE', 2, 2);
INSERT INTO `Node` (`ID`, `CreatedAt`, `UpdatedAt`, `DeletedAt`, `Pid`, `Name`, `URL`, `Methods`, `IsMenu`, `SortID`) VALUES (25, '2019-08-31 19:50:12', '2019-08-31 21:00:00', NULL, 19, '查看', '/backend/rbac/user/show/:id', 'GET', 2, 1);
INSERT INTO `Node` (`ID`, `CreatedAt`, `UpdatedAt`, `DeletedAt`, `Pid`, `Name`, `URL`, `Methods`, `IsMenu`, `SortID`) VALUES (26, '2019-08-31 19:50:41', '2019-08-31 20:56:02', NULL, 19, '设置角色', '/backend/rbac/user/role/:id', 'GET,POST', 2, 1991);
INSERT INTO `Node` (`ID`, `CreatedAt`, `UpdatedAt`, `DeletedAt`, `Pid`, `Name`, `URL`, `Methods`, `IsMenu`, `SortID`) VALUES (27, '2019-08-31 19:51:09', '2019-08-31 19:51:09', NULL, 18, '角色', '/backend/rbac/role', 'GET', 1, 1991);
INSERT INTO `Node` (`ID`, `CreatedAt`, `UpdatedAt`, `DeletedAt`, `Pid`, `Name`, `URL`, `Methods`, `IsMenu`, `SortID`) VALUES (28, '2019-08-31 19:51:09', '2019-08-31 19:54:35', NULL, 27, '新增', '/backend/rbac/role/create/:pid', 'GET', 2, 6);
INSERT INTO `Node` (`ID`, `CreatedAt`, `UpdatedAt`, `DeletedAt`, `Pid`, `Name`, `URL`, `Methods`, `IsMenu`, `SortID`) VALUES (29, '2019-08-31 19:51:09', '2019-08-31 19:51:09', NULL, 27, '保存', '/backend/rbac/role', 'POST', 2, 5);
INSERT INTO `Node` (`ID`, `CreatedAt`, `UpdatedAt`, `DeletedAt`, `Pid`, `Name`, `URL`, `Methods`, `IsMenu`, `SortID`) VALUES (30, '2019-08-31 19:51:09', '2019-08-31 19:51:09', NULL, 27, '编辑', '/backend/rbac/role/edit/:id', 'GET', 2, 4);
INSERT INTO `Node` (`ID`, `CreatedAt`, `UpdatedAt`, `DeletedAt`, `Pid`, `Name`, `URL`, `Methods`, `IsMenu`, `SortID`) VALUES (31, '2019-08-31 19:51:09', '2019-08-31 20:30:46', NULL, 27, '更新', '/backend/rbac/role/update/:id', 'PUT', 2, 3);
INSERT INTO `Node` (`ID`, `CreatedAt`, `UpdatedAt`, `DeletedAt`, `Pid`, `Name`, `URL`, `Methods`, `IsMenu`, `SortID`) VALUES (32, '2019-08-31 19:51:09', '2019-08-31 19:51:09', NULL, 27, '删除', '/backend/rbac/role/delete/:id', 'DELETE', 2, 2);
INSERT INTO `Node` (`ID`, `CreatedAt`, `UpdatedAt`, `DeletedAt`, `Pid`, `Name`, `URL`, `Methods`, `IsMenu`, `SortID`) VALUES (33, '2019-08-31 19:51:09', '2019-08-31 20:59:53', NULL, 27, '查看', '/backend/rbac/role/show/:id', 'GET', 2, 1);
INSERT INTO `Node` (`ID`, `CreatedAt`, `UpdatedAt`, `DeletedAt`, `Pid`, `Name`, `URL`, `Methods`, `IsMenu`, `SortID`) VALUES (34, '2019-08-31 19:51:25', '2019-08-31 20:55:51', NULL, 27, '设置节点', '/backend/rbac/role/node/:id', 'GET,POST', 2, 1991);
INSERT INTO `Node` (`ID`, `CreatedAt`, `UpdatedAt`, `DeletedAt`, `Pid`, `Name`, `URL`, `Methods`, `IsMenu`, `SortID`) VALUES (35, '2019-08-31 19:52:14', '2019-08-31 19:52:14', NULL, 18, '节点', '/backend/rbac/node', 'GET', 1, 1991);
INSERT INTO `Node` (`ID`, `CreatedAt`, `UpdatedAt`, `DeletedAt`, `Pid`, `Name`, `URL`, `Methods`, `IsMenu`, `SortID`) VALUES (36, '2019-08-31 19:52:14', '2019-08-31 19:54:09', NULL, 35, '新增', '/backend/rbac/node/create/:pid', 'GET', 2, 6);
INSERT INTO `Node` (`ID`, `CreatedAt`, `UpdatedAt`, `DeletedAt`, `Pid`, `Name`, `URL`, `Methods`, `IsMenu`, `SortID`) VALUES (37, '2019-08-31 19:52:14', '2019-08-31 19:52:14', NULL, 35, '保存', '/backend/rbac/node', 'POST', 2, 5);
INSERT INTO `Node` (`ID`, `CreatedAt`, `UpdatedAt`, `DeletedAt`, `Pid`, `Name`, `URL`, `Methods`, `IsMenu`, `SortID`) VALUES (38, '2019-08-31 19:52:14', '2019-08-31 19:52:14', NULL, 35, '编辑', '/backend/rbac/node/edit/:id', 'GET', 2, 4);
INSERT INTO `Node` (`ID`, `CreatedAt`, `UpdatedAt`, `DeletedAt`, `Pid`, `Name`, `URL`, `Methods`, `IsMenu`, `SortID`) VALUES (39, '2019-08-31 19:52:14', '2019-08-31 19:52:14', NULL, 35, '更新', '/backend/rbac/node/update/:id', 'PUT', 2, 3);
INSERT INTO `Node` (`ID`, `CreatedAt`, `UpdatedAt`, `DeletedAt`, `Pid`, `Name`, `URL`, `Methods`, `IsMenu`, `SortID`) VALUES (40, '2019-08-31 19:52:14', '2019-08-31 19:52:14', NULL, 35, '删除', '/backend/rbac/node/delete/:id', 'DELETE', 2, 2);
INSERT INTO `Node` (`ID`, `CreatedAt`, `UpdatedAt`, `DeletedAt`, `Pid`, `Name`, `URL`, `Methods`, `IsMenu`, `SortID`) VALUES (41, '2019-08-31 19:52:14', '2019-08-31 20:59:44', NULL, 35, '查看', '/backend/rbac/node/show/:id', 'GET', 2, 1);
INSERT INTO `Node` (`ID`, `CreatedAt`, `UpdatedAt`, `DeletedAt`, `Pid`, `Name`, `URL`, `Methods`, `IsMenu`, `SortID`) VALUES (42, '2019-08-31 19:55:10', '2019-08-31 19:55:10', NULL, 0, '用户管理', '/backend/user', 'GET', 1, 1991);
INSERT INTO `Node` (`ID`, `CreatedAt`, `UpdatedAt`, `DeletedAt`, `Pid`, `Name`, `URL`, `Methods`, `IsMenu`, `SortID`) VALUES (43, '2019-08-31 19:55:11', '2019-08-31 19:55:11', NULL, 42, '新增', '/backend/user/create', 'GET', 2, 6);
INSERT INTO `Node` (`ID`, `CreatedAt`, `UpdatedAt`, `DeletedAt`, `Pid`, `Name`, `URL`, `Methods`, `IsMenu`, `SortID`) VALUES (44, '2019-08-31 19:55:11', '2019-08-31 19:55:11', NULL, 42, '保存', '/backend/user', 'POST', 2, 5);
INSERT INTO `Node` (`ID`, `CreatedAt`, `UpdatedAt`, `DeletedAt`, `Pid`, `Name`, `URL`, `Methods`, `IsMenu`, `SortID`) VALUES (45, '2019-08-31 19:55:11', '2019-08-31 19:55:11', NULL, 42, '编辑', '/backend/user/edit/:id', 'GET', 2, 4);
INSERT INTO `Node` (`ID`, `CreatedAt`, `UpdatedAt`, `DeletedAt`, `Pid`, `Name`, `URL`, `Methods`, `IsMenu`, `SortID`) VALUES (46, '2019-08-31 19:55:11', '2019-08-31 20:31:05', NULL, 42, '更新', '/backend/user/update/:id', 'PUT', 2, 3);
INSERT INTO `Node` (`ID`, `CreatedAt`, `UpdatedAt`, `DeletedAt`, `Pid`, `Name`, `URL`, `Methods`, `IsMenu`, `SortID`) VALUES (47, '2019-08-31 19:55:11', '2019-08-31 19:55:11', NULL, 42, '删除', '/backend/user/delete/:id', 'DELETE', 2, 2);
INSERT INTO `Node` (`ID`, `CreatedAt`, `UpdatedAt`, `DeletedAt`, `Pid`, `Name`, `URL`, `Methods`, `IsMenu`, `SortID`) VALUES (48, '2019-08-31 19:55:11', '2019-08-31 20:59:37', NULL, 42, '查看', '/backend/user/show/:id', 'GET', 2, 1);
INSERT INTO `Node` (`ID`, `CreatedAt`, `UpdatedAt`, `DeletedAt`, `Pid`, `Name`, `URL`, `Methods`, `IsMenu`, `SortID`) VALUES (49, '2019-08-31 20:22:50', '2019-08-31 20:22:50', NULL, 1, '后台骨架', '/backend/skeleton', 'GET', 0, 1991);

INSERT INTO `User` (`ID`, `CreatedAt`, `UpdatedAt`, `DeletedAt`, `Account`, `Password`, `Nickname`, `Identity`, `Status`, `LastTime`) VALUES (1, '2019-08-31 19:46:30', '2019-09-01 21:45:37', NULL, 'admin', '$2a$10$OodNQxCyahPzfTW1VWPy/u3ZZWGx0Z3PW38b2gU6VjrWDmOcIBihC', 'admin', 1, 1, '2019-09-01 21:45:37');
INSERT INTO `User` (`ID`, `CreatedAt`, `UpdatedAt`, `DeletedAt`, `Account`, `Password`, `Nickname`, `Identity`, `Status`, `LastTime`) VALUES (2, '2019-08-31 20:06:02', '2019-08-31 20:23:57', NULL, 'guest', '$2a$10$sw2Q9oLt33dZ0Qc38hheE.juH9z1G3mbhHd1jhikbvigqswiN6Ne.', 'guest', 1, 1, '2019-08-31 20:23:57');
INSERT INTO `User` (`ID`, `CreatedAt`, `UpdatedAt`, `DeletedAt`, `Account`, `Password`, `Nickname`, `Identity`, `Status`, `LastTime`) VALUES (3, '2019-08-31 21:01:21', '2019-08-31 21:01:21', NULL, 'fgsdfgsfg', '$2a$10$i4wx420ZFMaq/rhLO4t9fuSy7YdIO6FOi3j/CV361924cjlIUA47O', 'fgsfgsdfg', 1, 1, NULL);
INSERT INTO `User` (`ID`, `CreatedAt`, `UpdatedAt`, `DeletedAt`, `Account`, `Password`, `Nickname`, `Identity`, `Status`, `LastTime`) VALUES (4, '2019-08-31 21:08:54', '2019-08-31 21:13:06', NULL, 'asdafgh', '$2a$10$lNPX53UxyUY/OjmHnvJsfO7gx1mhjDoxxuHo4bssz2fwHayHKs4FG', 'dfghdfhfh', 2, 1, NULL);
INSERT INTO `User` (`ID`, `CreatedAt`, `UpdatedAt`, `DeletedAt`, `Account`, `Password`, `Nickname`, `Identity`, `Status`, `LastTime`) VALUES (5, '2019-09-01 21:39:04', '2019-09-01 23:18:25', NULL, 'test', '$2a$10$AfGjed4D840O/F/lmJ/bCO.4HrunLzbX..PThamH3ggU6Z1vsL/xi', 'dsfgdfgsdfg111', 1, 1, '2019-09-01 23:18:25');

INSERT INTO `UserRoleRelation` (`ID`, `CreatedAt`, `UserID`, `RoleID`) VALUES (1, '2019-08-31 19:58:47', 1, 1);
INSERT INTO `UserRoleRelation` (`ID`, `CreatedAt`, `UserID`, `RoleID`) VALUES (2, '2019-08-31 20:06:41', 2, 3);
INSERT INTO `UserRoleRelation` (`ID`, `CreatedAt`, `UserID`, `RoleID`) VALUES (6, '2019-09-01 23:17:49', 5, 2);

INSERT INTO `Role` (`ID`, `CreatedAt`, `UpdatedAt`, `DeletedAt`, `Pid`, `Name`, `SortID`) VALUES (1, '2019-08-31 19:56:19', '2019-08-31 19:56:19', NULL, 0, '超级管理员', 1991);
INSERT INTO `Role` (`ID`, `CreatedAt`, `UpdatedAt`, `DeletedAt`, `Pid`, `Name`, `SortID`) VALUES (2, '2019-08-31 19:56:36', '2019-08-31 19:56:36', NULL, 0, '普通管理员', 1991);
INSERT INTO `Role` (`ID`, `CreatedAt`, `UpdatedAt`, `DeletedAt`, `Pid`, `Name`, `SortID`) VALUES (3, '2019-08-31 19:56:40', '2019-09-01 22:45:11', NULL, 0, '来宾', 1991);
INSERT INTO `Role` (`ID`, `CreatedAt`, `UpdatedAt`, `DeletedAt`, `Pid`, `Name`, `SortID`) VALUES (4, '2019-09-01 22:57:16', '2019-09-01 22:59:24', '2019-09-01 22:59:26', 0, 'fdghdfghfghdfgh', 1991);

INSERT INTO `RoleNodeRelation` (`ID`, `CreatedAt`, `RoleID`, `NodeID`) VALUES (430, '2019-09-01 22:55:25', 3, 1);
INSERT INTO `RoleNodeRelation` (`ID`, `CreatedAt`, `RoleID`, `NodeID`) VALUES (431, '2019-09-01 22:55:25', 3, 49);
INSERT INTO `RoleNodeRelation` (`ID`, `CreatedAt`, `RoleID`, `NodeID`) VALUES (432, '2019-09-01 22:55:25', 3, 3);
INSERT INTO `RoleNodeRelation` (`ID`, `CreatedAt`, `RoleID`, `NodeID`) VALUES (433, '2019-09-01 22:55:25', 3, 4);
INSERT INTO `RoleNodeRelation` (`ID`, `CreatedAt`, `RoleID`, `NodeID`) VALUES (434, '2019-09-01 22:55:25', 3, 11);
INSERT INTO `RoleNodeRelation` (`ID`, `CreatedAt`, `RoleID`, `NodeID`) VALUES (435, '2019-09-01 22:55:25', 3, 18);
INSERT INTO `RoleNodeRelation` (`ID`, `CreatedAt`, `RoleID`, `NodeID`) VALUES (436, '2019-09-01 22:55:25', 3, 19);
INSERT INTO `RoleNodeRelation` (`ID`, `CreatedAt`, `RoleID`, `NodeID`) VALUES (437, '2019-09-01 22:55:25', 3, 27);
INSERT INTO `RoleNodeRelation` (`ID`, `CreatedAt`, `RoleID`, `NodeID`) VALUES (438, '2019-09-01 22:55:25', 3, 35);
INSERT INTO `RoleNodeRelation` (`ID`, `CreatedAt`, `RoleID`, `NodeID`) VALUES (439, '2019-09-01 22:55:25', 3, 42);
INSERT INTO `RoleNodeRelation` (`ID`, `CreatedAt`, `RoleID`, `NodeID`) VALUES (440, '2019-09-01 22:55:58', 1, 1);
INSERT INTO `RoleNodeRelation` (`ID`, `CreatedAt`, `RoleID`, `NodeID`) VALUES (441, '2019-09-01 22:55:58', 1, 2);
INSERT INTO `RoleNodeRelation` (`ID`, `CreatedAt`, `RoleID`, `NodeID`) VALUES (442, '2019-09-01 22:55:58', 1, 49);
INSERT INTO `RoleNodeRelation` (`ID`, `CreatedAt`, `RoleID`, `NodeID`) VALUES (443, '2019-09-01 22:55:58', 1, 3);
INSERT INTO `RoleNodeRelation` (`ID`, `CreatedAt`, `RoleID`, `NodeID`) VALUES (444, '2019-09-01 22:55:58', 1, 4);
INSERT INTO `RoleNodeRelation` (`ID`, `CreatedAt`, `RoleID`, `NodeID`) VALUES (445, '2019-09-01 22:55:58', 1, 5);
INSERT INTO `RoleNodeRelation` (`ID`, `CreatedAt`, `RoleID`, `NodeID`) VALUES (446, '2019-09-01 22:55:58', 1, 6);
INSERT INTO `RoleNodeRelation` (`ID`, `CreatedAt`, `RoleID`, `NodeID`) VALUES (447, '2019-09-01 22:55:58', 1, 7);
INSERT INTO `RoleNodeRelation` (`ID`, `CreatedAt`, `RoleID`, `NodeID`) VALUES (448, '2019-09-01 22:55:58', 1, 8);
INSERT INTO `RoleNodeRelation` (`ID`, `CreatedAt`, `RoleID`, `NodeID`) VALUES (449, '2019-09-01 22:55:58', 1, 9);
INSERT INTO `RoleNodeRelation` (`ID`, `CreatedAt`, `RoleID`, `NodeID`) VALUES (450, '2019-09-01 22:55:58', 1, 10);
INSERT INTO `RoleNodeRelation` (`ID`, `CreatedAt`, `RoleID`, `NodeID`) VALUES (451, '2019-09-01 22:55:58', 1, 11);
INSERT INTO `RoleNodeRelation` (`ID`, `CreatedAt`, `RoleID`, `NodeID`) VALUES (452, '2019-09-01 22:55:58', 1, 12);
INSERT INTO `RoleNodeRelation` (`ID`, `CreatedAt`, `RoleID`, `NodeID`) VALUES (453, '2019-09-01 22:55:58', 1, 13);
INSERT INTO `RoleNodeRelation` (`ID`, `CreatedAt`, `RoleID`, `NodeID`) VALUES (454, '2019-09-01 22:55:58', 1, 14);
INSERT INTO `RoleNodeRelation` (`ID`, `CreatedAt`, `RoleID`, `NodeID`) VALUES (455, '2019-09-01 22:55:58', 1, 15);
INSERT INTO `RoleNodeRelation` (`ID`, `CreatedAt`, `RoleID`, `NodeID`) VALUES (456, '2019-09-01 22:55:58', 1, 16);
INSERT INTO `RoleNodeRelation` (`ID`, `CreatedAt`, `RoleID`, `NodeID`) VALUES (457, '2019-09-01 22:55:58', 1, 17);
INSERT INTO `RoleNodeRelation` (`ID`, `CreatedAt`, `RoleID`, `NodeID`) VALUES (458, '2019-09-01 22:55:58', 1, 18);
INSERT INTO `RoleNodeRelation` (`ID`, `CreatedAt`, `RoleID`, `NodeID`) VALUES (459, '2019-09-01 22:55:58', 1, 19);
INSERT INTO `RoleNodeRelation` (`ID`, `CreatedAt`, `RoleID`, `NodeID`) VALUES (460, '2019-09-01 22:55:58', 1, 26);
INSERT INTO `RoleNodeRelation` (`ID`, `CreatedAt`, `RoleID`, `NodeID`) VALUES (461, '2019-09-01 22:55:58', 1, 20);
INSERT INTO `RoleNodeRelation` (`ID`, `CreatedAt`, `RoleID`, `NodeID`) VALUES (462, '2019-09-01 22:55:58', 1, 21);
INSERT INTO `RoleNodeRelation` (`ID`, `CreatedAt`, `RoleID`, `NodeID`) VALUES (463, '2019-09-01 22:55:58', 1, 22);
INSERT INTO `RoleNodeRelation` (`ID`, `CreatedAt`, `RoleID`, `NodeID`) VALUES (464, '2019-09-01 22:55:58', 1, 23);
INSERT INTO `RoleNodeRelation` (`ID`, `CreatedAt`, `RoleID`, `NodeID`) VALUES (465, '2019-09-01 22:55:58', 1, 24);
INSERT INTO `RoleNodeRelation` (`ID`, `CreatedAt`, `RoleID`, `NodeID`) VALUES (466, '2019-09-01 22:55:58', 1, 25);
INSERT INTO `RoleNodeRelation` (`ID`, `CreatedAt`, `RoleID`, `NodeID`) VALUES (467, '2019-09-01 22:55:58', 1, 27);
INSERT INTO `RoleNodeRelation` (`ID`, `CreatedAt`, `RoleID`, `NodeID`) VALUES (468, '2019-09-01 22:55:58', 1, 34);
INSERT INTO `RoleNodeRelation` (`ID`, `CreatedAt`, `RoleID`, `NodeID`) VALUES (469, '2019-09-01 22:55:58', 1, 28);
INSERT INTO `RoleNodeRelation` (`ID`, `CreatedAt`, `RoleID`, `NodeID`) VALUES (470, '2019-09-01 22:55:58', 1, 29);
INSERT INTO `RoleNodeRelation` (`ID`, `CreatedAt`, `RoleID`, `NodeID`) VALUES (471, '2019-09-01 22:55:58', 1, 30);
INSERT INTO `RoleNodeRelation` (`ID`, `CreatedAt`, `RoleID`, `NodeID`) VALUES (472, '2019-09-01 22:55:58', 1, 31);
INSERT INTO `RoleNodeRelation` (`ID`, `CreatedAt`, `RoleID`, `NodeID`) VALUES (473, '2019-09-01 22:55:58', 1, 32);
INSERT INTO `RoleNodeRelation` (`ID`, `CreatedAt`, `RoleID`, `NodeID`) VALUES (474, '2019-09-01 22:55:58', 1, 33);
INSERT INTO `RoleNodeRelation` (`ID`, `CreatedAt`, `RoleID`, `NodeID`) VALUES (475, '2019-09-01 22:55:58', 1, 35);
INSERT INTO `RoleNodeRelation` (`ID`, `CreatedAt`, `RoleID`, `NodeID`) VALUES (476, '2019-09-01 22:55:58', 1, 36);
INSERT INTO `RoleNodeRelation` (`ID`, `CreatedAt`, `RoleID`, `NodeID`) VALUES (477, '2019-09-01 22:55:58', 1, 37);
INSERT INTO `RoleNodeRelation` (`ID`, `CreatedAt`, `RoleID`, `NodeID`) VALUES (478, '2019-09-01 22:55:58', 1, 38);
INSERT INTO `RoleNodeRelation` (`ID`, `CreatedAt`, `RoleID`, `NodeID`) VALUES (479, '2019-09-01 22:55:58', 1, 39);
INSERT INTO `RoleNodeRelation` (`ID`, `CreatedAt`, `RoleID`, `NodeID`) VALUES (480, '2019-09-01 22:55:58', 1, 40);
INSERT INTO `RoleNodeRelation` (`ID`, `CreatedAt`, `RoleID`, `NodeID`) VALUES (481, '2019-09-01 22:55:58', 1, 41);
INSERT INTO `RoleNodeRelation` (`ID`, `CreatedAt`, `RoleID`, `NodeID`) VALUES (482, '2019-09-01 22:55:58', 1, 42);
INSERT INTO `RoleNodeRelation` (`ID`, `CreatedAt`, `RoleID`, `NodeID`) VALUES (483, '2019-09-01 22:55:58', 1, 43);
INSERT INTO `RoleNodeRelation` (`ID`, `CreatedAt`, `RoleID`, `NodeID`) VALUES (484, '2019-09-01 22:55:58', 1, 44);
INSERT INTO `RoleNodeRelation` (`ID`, `CreatedAt`, `RoleID`, `NodeID`) VALUES (485, '2019-09-01 22:55:58', 1, 45);
INSERT INTO `RoleNodeRelation` (`ID`, `CreatedAt`, `RoleID`, `NodeID`) VALUES (486, '2019-09-01 22:55:58', 1, 46);
INSERT INTO `RoleNodeRelation` (`ID`, `CreatedAt`, `RoleID`, `NodeID`) VALUES (487, '2019-09-01 22:55:58', 1, 47);
INSERT INTO `RoleNodeRelation` (`ID`, `CreatedAt`, `RoleID`, `NodeID`) VALUES (488, '2019-09-01 22:55:58', 1, 48);
INSERT INTO `RoleNodeRelation` (`ID`, `CreatedAt`, `RoleID`, `NodeID`) VALUES (489, '2019-09-01 22:57:40', 2, 1);
INSERT INTO `RoleNodeRelation` (`ID`, `CreatedAt`, `RoleID`, `NodeID`) VALUES (490, '2019-09-01 22:57:40', 2, 2);
INSERT INTO `RoleNodeRelation` (`ID`, `CreatedAt`, `RoleID`, `NodeID`) VALUES (491, '2019-09-01 22:57:40', 2, 49);
INSERT INTO `RoleNodeRelation` (`ID`, `CreatedAt`, `RoleID`, `NodeID`) VALUES (492, '2019-09-01 22:57:40', 2, 3);
INSERT INTO `RoleNodeRelation` (`ID`, `CreatedAt`, `RoleID`, `NodeID`) VALUES (493, '2019-09-01 22:57:40', 2, 4);
INSERT INTO `RoleNodeRelation` (`ID`, `CreatedAt`, `RoleID`, `NodeID`) VALUES (494, '2019-09-01 22:57:40', 2, 5);
INSERT INTO `RoleNodeRelation` (`ID`, `CreatedAt`, `RoleID`, `NodeID`) VALUES (495, '2019-09-01 22:57:40', 2, 6);
INSERT INTO `RoleNodeRelation` (`ID`, `CreatedAt`, `RoleID`, `NodeID`) VALUES (496, '2019-09-01 22:57:40', 2, 7);
INSERT INTO `RoleNodeRelation` (`ID`, `CreatedAt`, `RoleID`, `NodeID`) VALUES (497, '2019-09-01 22:57:40', 2, 8);
INSERT INTO `RoleNodeRelation` (`ID`, `CreatedAt`, `RoleID`, `NodeID`) VALUES (498, '2019-09-01 22:57:40', 2, 9);
INSERT INTO `RoleNodeRelation` (`ID`, `CreatedAt`, `RoleID`, `NodeID`) VALUES (499, '2019-09-01 22:57:40', 2, 10);
INSERT INTO `RoleNodeRelation` (`ID`, `CreatedAt`, `RoleID`, `NodeID`) VALUES (500, '2019-09-01 22:57:40', 2, 11);
INSERT INTO `RoleNodeRelation` (`ID`, `CreatedAt`, `RoleID`, `NodeID`) VALUES (501, '2019-09-01 22:57:40', 2, 12);
INSERT INTO `RoleNodeRelation` (`ID`, `CreatedAt`, `RoleID`, `NodeID`) VALUES (502, '2019-09-01 22:57:40', 2, 13);
INSERT INTO `RoleNodeRelation` (`ID`, `CreatedAt`, `RoleID`, `NodeID`) VALUES (503, '2019-09-01 22:57:40', 2, 14);
INSERT INTO `RoleNodeRelation` (`ID`, `CreatedAt`, `RoleID`, `NodeID`) VALUES (504, '2019-09-01 22:57:40', 2, 15);
INSERT INTO `RoleNodeRelation` (`ID`, `CreatedAt`, `RoleID`, `NodeID`) VALUES (505, '2019-09-01 22:57:40', 2, 16);
INSERT INTO `RoleNodeRelation` (`ID`, `CreatedAt`, `RoleID`, `NodeID`) VALUES (506, '2019-09-01 22:57:40', 2, 17);
INSERT INTO `RoleNodeRelation` (`ID`, `CreatedAt`, `RoleID`, `NodeID`) VALUES (507, '2019-09-01 22:57:40', 2, 42);
INSERT INTO `RoleNodeRelation` (`ID`, `CreatedAt`, `RoleID`, `NodeID`) VALUES (508, '2019-09-01 22:57:40', 2, 43);
INSERT INTO `RoleNodeRelation` (`ID`, `CreatedAt`, `RoleID`, `NodeID`) VALUES (509, '2019-09-01 22:57:40', 2, 44);
INSERT INTO `RoleNodeRelation` (`ID`, `CreatedAt`, `RoleID`, `NodeID`) VALUES (510, '2019-09-01 22:57:40', 2, 45);
INSERT INTO `RoleNodeRelation` (`ID`, `CreatedAt`, `RoleID`, `NodeID`) VALUES (511, '2019-09-01 22:57:40', 2, 46);
INSERT INTO `RoleNodeRelation` (`ID`, `CreatedAt`, `RoleID`, `NodeID`) VALUES (512, '2019-09-01 22:57:40', 2, 47);
INSERT INTO `RoleNodeRelation` (`ID`, `CreatedAt`, `RoleID`, `NodeID`) VALUES (513, '2019-09-01 22:57:40', 2, 48);

INSERT INTO `Category` (`ID`, `CreatedAt`, `UpdatedAt`, `DeletedAt`, `Pid`, `Name`, `URL`, `SortID`) VALUES (1, '2019-08-31 20:07:20', '2019-08-31 20:07:20', '2019-08-31 20:07:23', 0, 'test', 'test', 1991);
INSERT INTO `Category` (`ID`, `CreatedAt`, `UpdatedAt`, `DeletedAt`, `Pid`, `Name`, `URL`, `SortID`) VALUES (2, '2019-09-01 22:13:10', '2019-09-01 22:15:15', '2019-09-01 22:20:05', 0, 'sdfasdg1', 'dfgsdfgs1', 1991);
INSERT INTO `Category` (`ID`, `CreatedAt`, `UpdatedAt`, `DeletedAt`, `Pid`, `Name`, `URL`, `SortID`) VALUES (3, '2019-09-01 22:15:19', '2019-09-01 22:15:30', '2019-09-01 22:20:05', 2, '1sdfgsdg', '12fdfgsdfg', 1991);
INSERT INTO `Category` (`ID`, `CreatedAt`, `UpdatedAt`, `DeletedAt`, `Pid`, `Name`, `URL`, `SortID`) VALUES (4, '2019-09-01 22:15:43', '2019-09-01 22:15:43', '2019-09-01 22:20:05', 3, '16', '151', 1991);
INSERT INTO `Category` (`ID`, `CreatedAt`, `UpdatedAt`, `DeletedAt`, `Pid`, `Name`, `URL`, `SortID`) VALUES (5, '2019-09-01 22:20:09', '2019-09-01 22:20:09', '2019-09-01 22:27:02', 0, 'dfgsdfg', 'sdfgsdg', 1991);
INSERT INTO `Category` (`ID`, `CreatedAt`, `UpdatedAt`, `DeletedAt`, `Pid`, `Name`, `URL`, `SortID`) VALUES (6, '2019-09-01 22:20:14', '2019-09-01 22:25:19', '2019-09-01 22:27:05', 0, 'hj', 'gsdfgsdg', 1991);
INSERT INTO `Category` (`ID`, `CreatedAt`, `UpdatedAt`, `DeletedAt`, `Pid`, `Name`, `URL`, `SortID`) VALUES (7, '2019-09-01 22:25:11', '2019-09-01 22:25:11', '2019-09-01 22:27:05', 6, 'hj', 'kghj', 1991);
INSERT INTO `Category` (`ID`, `CreatedAt`, `UpdatedAt`, `DeletedAt`, `Pid`, `Name`, `URL`, `SortID`) VALUES (8, '2019-09-01 22:25:42', '2019-09-01 22:25:42', '2019-09-01 22:27:05', 7, 'dfghdfgh', 'fgh', 1991);
INSERT INTO `Category` (`ID`, `CreatedAt`, `UpdatedAt`, `DeletedAt`, `Pid`, `Name`, `URL`, `SortID`) VALUES (9, '2019-09-01 23:33:53', '2019-09-01 23:33:53', NULL, 0, 'sdfas', 'sdfgdfgsdfg', 1991);
INSERT INTO `Category` (`ID`, `CreatedAt`, `UpdatedAt`, `DeletedAt`, `Pid`, `Name`, `URL`, `SortID`) VALUES (10, '2019-09-01 23:33:58', '2019-09-01 23:33:58', NULL, 0, 'dghdfgh', 'dfghdfghdghdgh', 1991);
INSERT INTO `Category` (`ID`, `CreatedAt`, `UpdatedAt`, `DeletedAt`, `Pid`, `Name`, `URL`, `SortID`) VALUES (11, '2019-09-01 23:34:55', '2019-09-01 23:34:55', NULL, 10, 'fsdfgsd', 'sdfgsdfgsdf', 1991);
INSERT INTO `Category` (`ID`, `CreatedAt`, `UpdatedAt`, `DeletedAt`, `Pid`, `Name`, `URL`, `SortID`) VALUES (12, '2019-09-01 23:35:06', '2019-09-01 23:35:06', NULL, 11, 'sdfgs', 'dfgsdgfsdfg', 1991);

INSERT INTO `Tag` (`ID`, `CreatedAt`, `UpdatedAt`, `DeletedAt`, `Name`) VALUES (1, '2019-08-31 20:07:33', '2019-08-31 20:07:33', '2019-08-31 20:07:35', 'test');
INSERT INTO `Tag` (`ID`, `CreatedAt`, `UpdatedAt`, `DeletedAt`, `Name`) VALUES (2, '2019-08-31 20:10:36', '2019-08-31 20:10:44', '2019-08-31 20:10:51', 'test');
INSERT INTO `Tag` (`ID`, `CreatedAt`, `UpdatedAt`, `DeletedAt`, `Name`) VALUES (3, '2019-08-31 20:24:24', '2019-08-31 20:24:24', '2019-08-31 20:24:27', 'aa');
INSERT INTO `Tag` (`ID`, `CreatedAt`, `UpdatedAt`, `DeletedAt`, `Name`) VALUES (4, '2019-08-31 20:25:04', '2019-08-31 20:25:04', '2019-08-31 20:25:12', 'dffg');
INSERT INTO `Tag` (`ID`, `CreatedAt`, `UpdatedAt`, `DeletedAt`, `Name`) VALUES (5, '2019-08-31 20:31:14', '2019-08-31 20:36:33', '2019-08-31 20:38:43', 'asdfsdf');
INSERT INTO `Tag` (`ID`, `CreatedAt`, `UpdatedAt`, `DeletedAt`, `Name`) VALUES (6, '2019-08-31 20:39:27', '2019-09-01 22:19:33', '2019-09-01 22:20:00', 'testdfsdf');
INSERT INTO `Tag` (`ID`, `CreatedAt`, `UpdatedAt`, `DeletedAt`, `Name`) VALUES (7, '2019-08-31 20:56:44', '2019-08-31 20:56:44', '2019-08-31 20:57:06', 'sss');
INSERT INTO `Tag` (`ID`, `CreatedAt`, `UpdatedAt`, `DeletedAt`, `Name`) VALUES (8, '2019-09-01 22:19:37', '2019-09-01 22:19:37', '2019-09-01 22:19:58', 'sdfgsdfg');
INSERT INTO `Tag` (`ID`, `CreatedAt`, `UpdatedAt`, `DeletedAt`, `Name`) VALUES (9, '2019-09-01 22:19:39', '2019-09-01 22:19:53', '2019-09-01 22:19:56', 'dfdfgh111');
INSERT INTO `Tag` (`ID`, `CreatedAt`, `UpdatedAt`, `DeletedAt`, `Name`) VALUES (10, '2019-09-01 23:33:36', '2019-09-01 23:33:36', '2019-09-01 23:33:47', 'dvbbf');
INSERT INTO `Tag` (`ID`, `CreatedAt`, `UpdatedAt`, `DeletedAt`, `Name`) VALUES (11, '2019-09-01 23:33:38', '2019-09-01 23:33:38', '2019-09-01 23:33:45', 'hfjfgjh');
